EO_ID,ELCODE,EO_NUM,SNAME,COMNAME,ESA,USFS,BLM,SGCN,NPL,G_RANK,S_RANK,TOWNRANGE,COUNTY,WATERSHED,QUAD,QUADNAME,SURVEYDATE,LASTOBS,FIRSTOBS,DIRECTIONS,GENERAL_DESCRIPTION,EO_DATA,MANAGEMENT_COMMENTS,OWNER_COMMENTS,GENERAL_COMMENTS,REFERENCE_POINT_X,REFERENCE_POINT_Y,NS_EORANK,NS_EORANK_DESC,REP_ACCURACY,CONFIDENCE_EXTENT,EO_TYPE_BCD,AZ_EORANK,EORANK_COMMENTS,OWNERSHIP,SITENAME,UPDATE_AZ,INDATE_AZ,PREV_EST_AVAILABLE_DESC,POP_DATA
2338,ABXXX99999,11,Interesting bird,An interesting bird,NA,NA,NA,1C,NA,G5,S2,380N040E,Coconino,15010001,36111-F8,Emmett Hill,NA,7/10/2000,7/10/2000,House Rock Valley: House Rock Wash,Wash (flat) with tamarisk growing thicker than 50 percent ground cover.,"2000-07-10: Found two fledged long-ears with tail feathers still not fully grown and other feathers still partly grown, observed the two adults foraging around them.",NA,NA,General comments,418378.74,4057050.09,NA,NA,NA,NA,NA,NA,NA,BLM Arizona Strip Field Office,NA,2001-01-25 JDC,2001-02-01 SMS,NA,NA
6633,ABXXX99999,1,Interesting bird,An interesting bird,NA,NA,NA,1C,NA,G5,S2,040S240E,Graham,15040005,33109-A8,Fort Thomas,NA,6/8/1993,1981,Gila River: 6.2 miles east of Fort Thomas,"1993-06-08: Small patch of riparian vegetation (cottonwood, willow, sycamore, walnut, mesquite, and hackberry) within a saguaro/palo verde community. Rolling hills, west facing drainages. Spring is excluded from livestock since 1980.",1981: Fledglings in area. 1983: Fledglings in area. 1984: Fledglings in area. 1988: Fledglings in area. 1993-06-08: Two adults and at least 1 fledged chick seen.,NA,NA,General comments,604620.34,3659181.03,NA,NA,NA,NA,NA,NA,NA,BLM Safford Field Office,NA,1996-01-11 DJG,1996-01-11 SSS,NA,NA
16009,ABXXX99999,13,Interesting bird,An interesting bird,NA,NA,NA,1C,NA,G5,S2,010N120W,La Paz,15070201,33113-D4,Eagletail Mountains West,NA,5/23/1993,5/23/1993,Eagletail Mountains: Deadman Wash,"Sonoran desertscrub, arizona upland biome, along wash.",1993-05-23: 2 adults and 1 juvenile observed.,NA,NA,General comments,268580.7,3698268.5,NA,NA,High,N - Confident full extent of EO is NOT known,observation,NA,NA,BLM Yuma Field Office; Eagletail Mountains Wilderness,NA,2003-05-23 GLR,2003-09-08 SMS,NA,NA
1341,ABXXX99999,3,Interesting bird,An interesting bird,NA,NA,NA,1C,NA,G5,S2,100S060W,Maricopa,15070202,32112-E7,Deadman Gap,NA,1994,1994,Barry M Goldwater Air Force Range: Crater Range,"1994: Creosote bush, bursage, paloverde, saguaro cactus, and cholla cactus. Wash is dominated by paloverde, ironwood, mesquite, desert hackberry, catclaw acacia and desert willow.","1994: Birds observed during breeding season, frequency is 0.1 so=12.",NA,NA,General comments,326374.34,3600759.11,NA,NA,NA,NA,observation,NA,NA,DOD Barry M Goldwater Air Force Range,NA,2000-07-18 LBK,2000-08-03 SMS,NA,NA
16256,ABXXX99999,18,Interesting bird,An interesting bird,NA,NA,NA,1C,NA,G5,S2,190S090E,Pima,15050304,31111-G4,Fresno Wash,2001,2001,2001,Altar Wash: N of Las Guijas Mountains,NA,"2001: Pair, nest failed.",NA,NA,General comments,459743.8,3513685.74,NA,NA,High,N - Confident full extent of EO is NOT known,Breeding,NA,NA,FWS Buenos Aires National Wildlife Refuge; Buenos Aires Refuge Wilderness,NA,2004-01-15 GLR,2004-02-25 SMS,NA,NA
16257,ABXXX99999,19,Interesting bird,An interesting bird,NA,NA,NA,1C,NA,G5,S2,190S080E,Pima,15050304,31111-F4,Las Guijas,2001,2001,2001,Altar Wash: N of Las Guijas Mountains,NA,"2001: Pair, fledged 2.",NA,NA,General comments,454278.64,3510982.79,NA,NA,High,N - Confident full extent of EO is NOT known,Breeding,NA,NA,FWS Buenos Aires National Wildlife Refuge; Buenos Aires Refuge Wilderness,NA,2004-01-15 GLR,2004-02-25 SMS,NA,NA
16258,ABXXX99999,20,Interesting bird,An interesting bird,NA,NA,NA,1C,NA,G5,S2,210S080E,Pima,15050304,31111-E5,Presumido Peak,2001,2001,2001,Baboquivari Mountains: Bajillo De Las Chivas,NA,"2001: Pair, fledged 4.",NA,NA,General comments,448598.28,3495855.08,NA,NA,High,N - Confident full extent of EO is NOT known,Breeding,NA,NA,FWS Buenos Aires National Wildlife Refuge; Buenos Aires Refuge Wilderness,NA,2004-01-15 GLR,2004-02-25 SMS,NA,NA
16259,ABXXX99999,21,Interesting bird,An interesting bird,NA,NA,NA,1C,NA,G5,S2,210S080E,Pima,15050304,31111-E5,Presumido Peak,2001,2001,2001,Baboquivari Mountains: Bajillo De Las Chivas,NA,"2001: Pair, fledged 4.",NA,NA,General comments,446460.17,3491123.18,NA,NA,High,N - Confident full extent of EO is NOT known,Breeding,NA,NA,FWS Buenos Aires National Wildlife Refuge; Buenos Aires Refuge Wilderness,NA,2004-01-15 GLR,2004-02-25 SMS,NA,NA
16260,ABXXX99999,22,Interesting bird,An interesting bird,NA,NA,NA,1C,NA,G5,S2,220S080E,Pima,15050304,31111-E5,Presumido Peak,2001,2001,2001,Baboquivari Mountains: Pozo Verde Mountains,NA,"2001: Pair, nest failed.",NA,NA,General comments,447143.19,3489857.21,NA,NA,High,N - Confident full extent of EO is NOT known,Breeding,NA,NA,FWS Buenos Aires National Wildlife Refuge; Buenos Aires Refuge Wilderness,NA,2004-01-15 GLR,2004-02-25 SMS,NA,NA
16261,ABXXX99999,23,Interesting bird,An interesting bird,NA,NA,NA,1C,NA,G5,S2,220S080E,Pima,15080200,31111-E5,Presumido Peak,2001,2001,2001,Pozo Verde Mountains: Compartidero Flats,NA,"2001: Pair, fledged 2.",NA,NA,General comments,448696.23,3487595.25,NA,NA,High,N - Confident full extent of EO is NOT known,Breeding,NA,NA,FWS Buenos Aires National Wildlife Refuge; Buenos Aires Refuge Wilderness,NA,2004-01-15 GLR,2004-02-25 SMS,NA,NA
16263,ABXXX99999,24,Interesting bird,An interesting bird,NA,NA,NA,1C,NA,G5,S2,220S080E,Pima,15050304,31111-E4,Wilbur Canyon,2001,2001,2001,San Luis Mountains: Compartidero Flats,NA,"2001: Pair, nest failed.",NA,NA,General comments,453980.43,3489098.21,NA,NA,High,N - Confident full extent of EO is NOT known,Breeding,NA,NA,FWS Buenos Aires National Wildlife Refuge; Buenos Aires Refuge Wilderness,NA,2004-01-15 GLR,2004-02-25 SMS,NA,NA
16205,ABXXX99999,17,Interesting bird,An interesting bird,NA,NA,NA,1C,NA,G5,S2,190N150W,Mohave,15030201,35113-A8,Hualapai Peak,6/5/1979,6/5/1979,6/5/1979,Hualapai Mountains: Hualapai Peak,Ponderosa pine and oak. Condition of habitat is fair.,1979-06-05: Pair with 4 young (14 days) at nest 3-79. Pair with 4 young (21 days) at nest 4-79.,NA,NA,General comments,236364.2,3879713.04,BC,Good or fair estimated viability,Medium,N - Confident full extent of EO is NOT known,Breeding,NA,NA,NA,NA,2003-12-12 GLR,2004-01-09 SMS,NA,NA
16202,ABXXX99999,16,Interesting bird,An interesting bird,NA,NA,NA,1C,NA,G5,S2,200N140W,Mohave,15030201,35113-A7,Dean Peak,6/5/1979,6/5/1979,3/6/1979,Hualapai Mountains: Dean Peak,"Pinyon-juniper habitat, rolling hills. Habitat condition is poor-fair.",1979-03-06--06-05: Pair with 2 young (14 days).,NA,NA,General comments,245032.31,3889923.39,BD,"Good, fair, or poor estimated viability",Medium,N - Confident full extent of EO is NOT known,Breeding,NA,NA,Private,NA,2003-12-12 GLR,2004-01-09 SMS,NA,NA
16201,ABXXX99999,15,Interesting bird,An interesting bird,NA,NA,NA,1C,NA,G5,S2,165N130W,Mohave,15030201,34113-G5,Tule Wash,6/5/1979,6/5/1979,3/27/1979,Big Sandy River: Tule Wash,"Foothills paloverde, saguaro, mesquite riparian. Habitat condition is fair.","1979-03-27--06-05: Pair, fledged 5.",NA,NA,General comments,260969.71,3852696.73,BC,Good or fair estimated viability,Medium,N - Confident full extent of EO is NOT known,Breeding,NA,NA,Private; Carrow Stephens ACEC,NA,2003-12-12 GLR,2004-01-09 SMS,NA,NA
14719,ABXXX99999,9,Interesting bird,An interesting bird,NA,NA,NA,1C,NA,G5,S2,240N090W,Yavapai,15010007,35113-D2,Yampai,NA,5/29/2000,5/29/2000,West of Aubrey Valley: about 2 miles southwest of Yampai,Grassland with large junipers.,"2000-05-29: Downy fledgling below nest, 1 or 2 adults flushed from area.",NA,NA,General comments,298250.26,3927499.79,NA,NA,NA,NA,NA,NA,NA,State Land Department,NA,2001-01-24 JDC,2001-02-01 SMS,NA,NA
22851,ABXXX99999,25,Interesting bird,An interesting bird,NA,NA,NA,1C,NA,G5,S2,050N300E,Apache,15040004,33109-G2,Alpine,NA,4/24/2013,4/24/2013,Apache-Sitgreaves National Forest: Coleman Creek,2013-04-24: Mixed conifer.,"2013-04-24: 1 adult female observed on nest, 1 adult male roosting in nest tree, not handled.",NA,NA,General comments,669251,3741544,E,Verified extant (viability not assessed),High,N - Confident full extent of EO is NOT known,Observation,NA,NA,USFS Apache-Sitgreaves National Forest; Alpine Ranger District; Alpine Grazing Allotment,NA,2015-08-05 EJR,2015-08-05 EJR,No,2013: min= 2: max= :precision= Quantitative
16010,ABXXX99999,14,Interesting bird,An interesting bird,NA,NA,NA,1C,NA,G5,S2,050N310E,Apache,15040004,33109-G1,Luna Lake,NA,5/14/1991,5/14/1991,San Francisco River: Luna Lake,Less than 2% slope generally sw aspect. Pipo/muvi. Clump of 4-6 large pp. Closed canopy at nest.,"1991-05-14: Nestling blown out of nest, adult perched on limb adjacent to nest.",NA,NA,General comments,677556.79,3745645.53,NA,NA,High,N - Confident full extent of EO is NOT known,NA,NA,NA,USFS Apache-Sitgreaves National Forest; Alpine Ranger District; Coyote-Whitmer Grazing Allotment,NA,2003-09-03 GLR,2003-09-08 SMS,NA,NA
22874,ABXXX99999,26,Interesting bird,An interesting bird,NA,NA,NA,1C,NA,G5,S2,060N300E,Apache,15020001,33109-H2,Nutrioso,NA,6/18/2013,6/18/2013,Apache-Sitgreaves National Forest: Auger Creek,2013-06-18: Mixed conifer.,"2013-06-18: 1 adult male and 1 adult unknown flushed from roost, not handled.",NA,NA,General comments,663815,3754218,E,Verified extant (viability not assessed),High,N - Confident full extent of EO is NOT known,Observation,NA,NA,USFS Apache-Sitgreaves National Forest; Alpine Ranger District; Nutrioso Summer Grazing Allotment,NA,2015-08-11 EJR,2015-08-11 EJR,No,2013: min= 2: max= :precision= Quantitative
14987,ABXXX99999,2,Interesting bird,An interesting bird,NA,NA,NA,1C,NA,G5,S2,090N240E,Apache,15020005,34109-B7,Sponseller Mountain,NA,5/25/1993,5/25/1993,White Mountains: about 4.0 miles SE of Sponseller Mountain.,"1993-05-25: Ponderosa pine, oak, mutton grass, wetern wheat, and blue grama habitat. Flat, level area with no slope.","1993-05-25: Stick nest in lower third of a ponderosa pine found, 4 young and 1 adult observed, 1 nestling on the ground in poor condition, taken to agfd.",NA,NA,General comments,607825.29,3783785.1,NA,NA,NA,NA,NA,NA,NA,USFS Apache-Sitgreaves National Forest; Lakeside Ranger District,NA,1996-01-11 DJG,1996-01-11 SSS,NA,NA
6405,ABXXX99999,97,Fascinating bird,A fascinating bird,NA,NA,NA,1C,NA,G5,S3,130S300E,Cochise,15040006,32109-C3,Olga,NA,2000,2000,Chiricahua Mountains: San Simon River,NA,"2000: 2 adults, 1 nest, 1 fledgling.",NA,NA,General comments,663047.87,3577514.62,NA,NA,NA,NA,NA,NA,NA,BLM Safford Field Office,NA,2002-05-08 GLR,2002-05-10 SMS,NA,NA
8848,ABXXX99999,73,Fascinating bird,A fascinating bird,NA,NA,NA,1C,NA,G5,S3,120S290E,Cochise,15040006,32109-C3,Olga,NA,2000,1999,San Simon River: west of Mckenzie Peak,NA,"1999: 2 adults, 1 nest, 1 fledgling. 2000: 2 adults, 1 nest (failed).",NA,NA,General comments,656775.31,3581658.28,NA,NA,NA,NA,NA,NA,NA,BLM Safford Field Office,NA,2002-05-07 GLR,2002-05-10 SMS,NA,NA
9061,ABXXX99999,96,Fascinating bird,A fascinating bird,NA,NA,NA,1C,NA,G5,S3,120S290E,Cochise,15040006,32109-D3,Martin Well,NA,2000,2000,San Simon River: the Fan,NA,"2000: Total of 2 adults, 2 nests, 4 fledglings for 2 territories.",NA,NA,General comments,653612.65,3583986.51,NA,NA,NA,NA,NA,NA,NA,BLM Safford Field Office,NA,2002-05-08 GLR,2002-05-10 SMS,NA,NA
9062,ABXXX99999,106,Fascinating bird,A fascinating bird,NA,NA,NA,1C,NA,G5,S3,120S290E,Cochise,15040006,32109-D4,Ryan Draw,NA,2000,2000,San Simon River: E of Fisher Hills,NA,"2000: 2 adults, 1 nest, 1 fledgling.",NA,NA,General comments,650097.6,3584385.45,NA,NA,NA,NA,NA,NA,NA,BLM Safford Field Office,NA,2002-05-08 GLR,2002-05-10 SMS,NA,NA
12668,ABXXX99999,3,Fascinating bird,A fascinating bird,NA,NA,NA,1C,NA,G5,S3,150S140E,Pima,15050301,32110-B7,Tucson East,NA,2000,6/19/1996,Tucson: Davis-Monthan Air Force Base,"1996-06-19: Desert scrub with palo verde, mesquite, creosote, cholla, and prickly pear.","1996-06-19: Active nest found, 1 adult female, 1 downy nestling, 1 adult male chasing turkey vulture away from nest area. 1999: 2 adults, 1 nest (failed). 2000: 2 adults, 1 nest, 2 fledglings.",NA,NA,General comments,512225.8,3557016.06,NA,NA,NA,N - Confident full extent of EO is NOT known,NA,NA,NA,DOD Davis-Monthan Air Force Base,NA,2002-05-02 GLR,1996-07-28 SSS,NA,NA
4769,ABXXX99999,52,Fascinating bird,A fascinating bird,NA,NA,NA,1C,NA,G5,S3,140S140E,Pima,15050301,32110-B8,Tucson,NA,2009-08,1999,Tucson: West of Pantano Wash,2009-08: Mesquite tree.,"1999: Total of 4 adults, 2 nests, 3 fledglings in 2 territories. 2000: 2 adults, 1 nest, 2 fledglings. 2009-08: 1 active nest.",NA,NA,General comments,509814.55,3559431.2,E,Verified extant (viability not assessed),High,N - Confident full extent of EO is NOT known,observation,NA,NA,DOD Davis-Monthan Air Force Base; BLM Tucson Field Office,NA,2012-02-21 JKD,2002-05-10 SMS,NA,1999: min= 4: max= 7:precision= Quantitative;2000: min= 2: max= 4:precision= Quantitative;2009: min= 1: max= :precision= Quantitative
5638,ABXXX99999,105,Fascinating bird,A fascinating bird,NA,NA,NA,1C,NA,G5,S3,220S200E,Cochise,15050202,31110-D3,Miller Peak,NA,2000,2000,Huachuca Mountains: Fort Huachuca,NA,"2000: 2 adults, 1 nest (failed).",NA,NA,General comments,567652.41,3484717.46,NA,NA,NA,NA,NA,NA,NA,DOD Fort Huachuca Military Reservation,NA,2002-05-08 GLR,2002-05-10 SMS,NA,NA
7214,ABXXX99999,81,Fascinating bird,A fascinating bird,NA,NA,NA,1C,NA,G5,S3,220S200E,Cochise,15050202,31110-E3,Fort Huachuca,NA,2000,1999,Huachuca Mountains: S of Fort Huachuca,NA,"1999: 2 adults, 1 nest (failed). 2000: 2 adults, 1 nest, 1 fledgling.",NA,NA,General comments,565094.16,3486223.69,NA,NA,NA,NA,NA,NA,NA,DOD Fort Huachuca Military Reservation,NA,2002-05-07 GLR,2002-05-10 SMS,NA,NA
13866,ABXXX99999,100,Fascinating bird,A fascinating bird,NA,NA,NA,1C,NA,G5,S3,220S200E,Cochise,15050202,31110-E3,Fort Huachuca,NA,2000,2000,Huachuca Mountains: Fort Huachuca,NA,"2000: 2 adults, 1 nest, 3 fledglings.",NA,NA,General comments,568220.5,3486593.32,NA,NA,NA,NA,NA,NA,NA,DOD Fort Huachuca Military Reservation,NA,2002-05-08 GLR,2002-05-10 SMS,NA,NA
20,ABXXX99999,119,Fascinating bird,A fascinating bird,NA,NA,NA,1C,NA,G5,S3,220S080E,Pima,15080200,31111-D5,Sasabe,2001,2001,2000,Pozo Verde Mountains: Compartidero Flats,NA,"2000: 1 pair, 1 nest, 2 fledglings.  2001: 1 pair, 1 nest, fledged 2.",NA,NA,General comments,451706.31,3484282.34,NA,NA,High,N - Confident full extent of EO is NOT known,Breeding,NA,NA,FWS Buenos Aires National Wildlife Refuge,NA,2004-01-15 GLR,2002-05-13 SMS,NA,NA
1881,ABXXX99999,129,Fascinating bird,A fascinating bird,NA,NA,NA,1C,NA,G5,S3,190S080E,Pima,15050304,31111-F4,Las Guijas,2001,2001,2000,Las Guijas Mountains: Altar Wash,NA,"2000: 3 pairs, 3 nests (1 failed), fledged 3.  2001: 2 pairs, 2 nests, fledged 2.",NA,NA,General comments,454765.63,3510392.33,NA,NA,High,N - Confident full extent of EO is NOT known,Breeding,NA,NA,FWS Buenos Aires National Wildlife Refuge,NA,2004-01-15 GLR,2002-05-13 SMS,NA,NA
1882,ABXXX99999,130,Fascinating bird,A fascinating bird,NA,NA,NA,1C,NA,G5,S3,190S090E,Pima,15050304,31111-F4,Las Guijas,NA,2001,2001,Las Guijas Mountains: Altar Wash,NA,"2001: 1 pair, 1 nest (failed).",NA,NA,General comments,458441.77,3511722.78,NA,NA,High,N - Confident full extent of EO is NOT known,Breeding,NA,NA,FWS Buenos Aires National Wildlife Refuge,NA,2004-01-15 GLR,2002-05-13 SMS,NA,NA
3714,ABXXX99999,23,Fascinating bird,A fascinating bird,NA,NA,NA,1C,NA,G5,S3,190S090E,Pima,15050304,31111-G4,Fresno Wash,2001,2001,2000,Baboquivari Mountains: west of Altar Wash,NA,"2000: 2 pairs, 2 nests (failed).  2001: 2 pairs, 2 nests, fledged 1.",NA,NA,General comments,458966.76,3515253.69,NA,NA,High,N - Confident full extent of EO is NOT known,Breeding,NA,NA,FWS Buenos Aires National Wildlife Refuge,NA,2004-01-15 GLR,2002-05-08 SMS,NA,NA
4018,ABXXX99999,122,Fascinating bird,A fascinating bird,NA,NA,NA,1C,NA,G5,S3,200S090E,Pima,15050304,31111-F4,Las Guijas,2001,2001,2000,Las Guijas Mountains: Arivaca Wash,NA,"2000: 1 pair, 1 nest, 2 fledglings.  2001: 1 pair, 1 nest, fledged 2.",NA,NA,General comments,460754.75,3504673.94,NA,NA,High,N - Confident full extent of EO is NOT known,Breeding,NA,NA,FWS Buenos Aires National Wildlife Refuge,NA,2004-01-15 GLR,2002-05-13 SMS,NA,NA
5713,ABXXX99999,132,Fascinating bird,A fascinating bird,NA,NA,NA,1C,NA,G5,S3,200S090E,Pima,15050304,31111-F4,Las Guijas,2001,2001,2000,Las Guijas Mountains: Puertocito Wash,NA,"2000: 1 pair, 1 nest, 1 fledgling.  2001: 1 pair, 1 nest, fledged 2.",NA,NA,General comments,455486.53,3502585,NA,NA,High,N - Confident full extent of EO is NOT known,Breeding,NA,NA,FWS Buenos Aires National Wildlife Refuge,NA,2004-01-15 GLR,2002-05-13 SMS,NA,NA
5993,ABXXX99999,126,Fascinating bird,A fascinating bird,NA,NA,NA,1C,NA,G5,S3,220S080E,Pima,15050304,31111-E4,Wilbur Canyon,2001,2001,2000,San Luis Mountains: Compartidero Flats,NA,"2000: 1 pair, 1 nest, 2 fledglings.  2001: 1 pair, 1 nest, fledged 2.",NA,NA,General comments,453829.32,3488226.37,NA,NA,High,N - Confident full extent of EO is NOT known,Breeding,NA,NA,FWS Buenos Aires National Wildlife Refuge,NA,2004-01-15 GLR,2002-05-13 SMS,NA,NA
6836,ABXXX99999,134,Fascinating bird,A fascinating bird,NA,NA,NA,1C,NA,G5,S3,190S080E,Pima,15050304,31111-G4,Fresno Wash,2001,2001,2001,Las Guijas Mountains: Little Thomas Wash,NA,"2001: 1 pair, 1 nest (failed).",NA,NA,General comments,455022.68,3512960.75,NA,NA,High,N - Confident full extent of EO is NOT known,Breeding,NA,NA,FWS Buenos Aires National Wildlife Refuge,NA,2004-01-15 GLR,2002-05-13 SMS,NA,NA
7290,ABXXX99999,75,Fascinating bird,A fascinating bird,NA,NA,NA,1C,NA,G5,S3,220S080E,Pima,15050304,31111-E5,Presumido Peak,2001,2001,2001,Baboquivari Mountains: W of San Luis Mountains,NA,"2001: 1 pair, 1 nest, fledged 1.",NA,NA,General comments,448056.23,3490320.2,NA,NA,High,N - Confident full extent of EO is NOT known,Breeding,NA,NA,FWS Buenos Aires National Wildlife Refuge,NA,2004-01-15 GLR,2002-05-10 SMS,NA,NA
11412,ABXXX99999,24,Fascinating bird,A fascinating bird,NA,NA,NA,1C,NA,G5,S3,190S090E,Pima,15050304,31111-G4,Fresno Wash,NA,2001,2001,Baboquivari Mountains: east of Altar Wash,NA,"2001: Pair, 1 nest, fledged 2.",NA,NA,General comments,464069.91,3515726.68,NA,NA,High,N - Confident full extent of EO is NOT known,Breeding,NA,NA,FWS Buenos Aires National Wildlife Refuge,NA,2004-01-15 GLR,2002-05-08 SMS,NA,NA
11957,ABXXX99999,133,Fascinating bird,A fascinating bird,NA,NA,NA,1C,NA,G5,S3,220S080E,Pima,15080200,31111-E5,Presumido Peak,2001,2001,2000,Pozo Verde Mountains: Compartidero Flats,NA,"2000: 1 pair, 1 nest (failed).  2001: 1 pair, 1 nest (failed).",NA,NA,General comments,451172.32,3487727.24,NA,NA,High,N - Confident full extent of EO is NOT known,Breeding,NA,NA,FWS Buenos Aires National Wildlife Refuge,NA,2004-01-15 GLR,2002-05-13 SMS,NA,NA
12047,ABXXX99999,127,Fascinating bird,A fascinating bird,NA,NA,NA,1C,NA,G5,S3,210S080E,Pima,15050304,31111-E5,Presumido Peak,2001,2001,1999,San Luis Mountains: Compartidero Flats,NA,"1999: 1 pair, 1 nest, fledged 1.  2000: 2 pairs, 2 nests, 2 fledged.  2001: 2 pairs, 2 nests (1 failed), fledged 1.",NA,NA,General comments,451604.99,3491209.94,NA,NA,High,N - Confident full extent of EO is NOT known,Breeding,NA,NA,FWS Buenos Aires National Wildlife Refuge,NA,2004-01-15 GLR,2002-05-13 SMS,NA,NA
13143,ABXXX99999,121,Fascinating bird,A fascinating bird,NA,NA,NA,1C,NA,G5,S3,210S080E,Pima,15050304,31111-E5,Presumido Peak,2001,2001,2000,Baboquivari Mountains: Bajillo De Las Chivas,NA,"2000: 1 pair, 1 nest (failed).  2001: 1 pair, 1 nest (failed).",NA,NA,General comments,451065.73,3492928.31,NA,NA,High,N - Confident full extent of EO is NOT known,Breeding,NA,NA,FWS Buenos Aires National Wildlife Refuge,NA,2004-01-15 GLR,2002-05-13 SMS,NA,NA
13865,ABXXX99999,90,Fascinating bird,A fascinating bird,NA,NA,NA,1C,NA,G5,S3,210S080E,Pima,15050304,31111-E5,Presumido Peak,2001,2001,2000,Baboquivari Mountains: Compartidero Flats,NA,"2000: 1 pair, 1 nest (failed).  2001: 2 pairs, 2 nests (1 failed), fledged 1.",NA,NA,General comments,451549.41,3496392.07,NA,NA,High,N - Confident full extent of EO is NOT known,Breeding,NA,NA,FWS Buenos Aires National Wildlife Refuge,NA,2004-01-15 GLR,2002-05-10 SMS,NA,NA
14403,ABXXX99999,131,Fascinating bird,A fascinating bird,NA,NA,NA,1C,NA,G5,S3,210S090E,Pima,15050304,31111-E4,Wilbur Canyon,2001,2001,2000,Las Guijas Mountains: San Luis Wash,NA,"2000: 1 pair, 1 nest, 1 fledgling.  2001: 1 pair, 1 nest, fledged 1.",NA,NA,General comments,456640.59,3496753.07,NA,NA,High,N - Confident full extent of EO is NOT known,Breeding,NA,NA,FWS Buenos Aires National Wildlife Refuge,NA,2004-01-15 GLR,2002-05-13 SMS,NA,NA
15284,ABXXX99999,128,Fascinating bird,A fascinating bird,NA,NA,NA,1C,NA,G5,S3,210S080E,Pima,15050304,31111-E4,Wilbur Canyon,2001,2001,2000,San Luis Mountains: SW of Las Guijas Mountains,NA,"2000: 1 pair, 1 nest, 2 fledglings.  2001: 1 pair, 1 nest, fledged 2.",NA,NA,General comments,452772.11,3495212.38,NA,NA,High,N - Confident full extent of EO is NOT known,Breeding,NA,NA,FWS Buenos Aires National Wildlife Refuge,NA,2004-01-15 GLR,2002-05-13 SMS,NA,NA
16248,ABXXX99999,153,Fascinating bird,A fascinating bird,NA,NA,NA,1C,NA,G5,S3,220S080E,Pima,15080200,31111-E5,Presumido Peak,2001,2001,2001,Baboquivari Mountains: Buenos Aires NWR,NA,"2001: 1 pair, 1 nest, fledged 2.",NA,NA,General comments,449671.25,3485581.29,NA,NA,High,N - Confident full extent of EO is NOT known,Breeding,NA,NA,FWS Buenos Aires National Wildlife Refuge,NA,2004-01-15 GLR,2004-03-08 SMS,NA,NA
16249,ABXXX99999,154,Fascinating bird,A fascinating bird,NA,NA,NA,1C,NA,G5,S3,200S090E,Pima,15050304,31111-F4,Las Guijas,2001,2001,2001,Las Guijas Mountains: Arivaca Wash,NA,"2001: 1 pair, 1 nest, fledged 1.",NA,NA,General comments,459366.72,3502217.97,NA,NA,High,N - Confident full extent of EO is NOT known,Breeding,NA,NA,FWS Buenos Aires National Wildlife Refuge,NA,2004-01-15 GLR,2004-03-08 SMS,NA,NA
21,ABXXX99999,120,Fascinating bird,A fascinating bird,NA,NA,NA,1C,NA,G5,S3,210S080E,Pima,15050304,31111-E4,Wilbur Canyon,NA,2000,2000,San Luis Mountains: Arroyo Del Compartidero,NA,"2000: 2 adults, 1 nest (failed).",NA,NA,General comments,453140.1,3493859.44,NA,NA,NA,NA,NA,NA,NA,FWS Buenos Aires National Wildlife Refuge; Buenos Aires Refuge Wilderness,NA,2002-05-08 GLR,2002-05-13 SMS,NA,NA
4835,ABXXX99999,124,Fascinating bird,A fascinating bird,NA,NA,NA,1C,NA,G5,S3,210S080E,Pima,15050304,31111-E5,Presumido Peak,NA,2000,2000,Baboquivari Mountains: Bajillo De Las Chivas,NA,"2000: 2 adults, 1 nest (failed).",NA,NA,General comments,447840.08,3494681.33,NA,NA,NA,NA,NA,NA,NA,FWS Buenos Aires National Wildlife Refuge; Buenos Aires Refuge Wilderness,NA,2002-05-08 GLR,2002-05-13 SMS,NA,NA
9656,ABXXX99999,84,Fascinating bird,A fascinating bird,NA,NA,NA,1C,NA,G5,S3,210S080E,Pima,15050304,31111-E5,Presumido Peak,NA,2000,2000,Baboquivari Mountains: Compartidero Flats,NA,"2000: 2 adults, 1 nest (failed).",NA,NA,General comments,449165.23,3496270.13,NA,NA,NA,NA,NA,NA,NA,FWS Buenos Aires National Wildlife Refuge; Buenos Aires Refuge Wilderness,NA,2002-05-08 GLR,2002-05-10 SMS,NA,NA
9732,ABXXX99999,125,Fascinating bird,A fascinating bird,NA,NA,NA,1C,NA,G5,S3,190S090E,Pima,15050304,31111-F4,Las Guijas,NA,2000,2000,Las Guijas Mountains: Altar Wash,NA,"2000: 2 adults, 1 nest (failed).",NA,NA,General comments,462479.87,3512297.78,NA,NA,NA,NA,NA,NA,NA,FWS Buenos Aires National Wildlife Refuge; Buenos Aires Refuge Wilderness,NA,2002-05-08 GLR,2002-05-13 SMS,NA,NA
11173,ABXXX99999,123,Fascinating bird,A fascinating bird,NA,NA,NA,1C,NA,G5,S3,200S090E,Pima,15050304,31111-F4,Las Guijas,NA,2000,2000,Las Guijas Mountains: Puertocito Wash,NA,"2000: 2 adults, 1 nest, 2 fledglings.",NA,NA,General comments,456734.63,3505020.93,NA,NA,NA,NA,NA,NA,NA,FWS Buenos Aires National Wildlife Refuge; Buenos Aires Refuge Wilderness,NA,2002-05-08 GLR,2002-05-13 SMS,NA,NA
14643,ABXXX99999,79,Fascinating bird,A fascinating bird,NA,NA,NA,1C,NA,G5,S3,210S080E,Pima,15050304,31111-E5,Presumido Peak,NA,1999,1999,Baboquivari Mountains: Bajillo De Las Chivas,NA,"1999: 2 adults, 1 nest, 2 fledglings.",NA,NA,General comments,447321.76,3493023.53,NA,NA,NA,NA,NA,NA,NA,FWS Buenos Aires National Wildlife Refuge; Buenos Aires Refuge Wilderness,NA,2002-05-07 GLR,2002-05-10 SMS,NA,NA
16246,ABXXX99999,151,Fascinating bird,A fascinating bird,NA,NA,NA,1C,NA,G5,S3,200S090E,Pima,15050304,31111-F4,Las Guijas,2001,2001,2001,Las Guijas Mountains: Altar Wash,NA,"2001: 1 pair, 1 nest, fledged 1.",NA,NA,General comments,462684.88,3509588.83,NA,NA,High,N - Confident full extent of EO is NOT known,Breeding,NA,NA,FWS Buenos Aires National Wildlife Refuge; Buenos Aires Refuge Wilderness,NA,2004-01-15 GLR,2004-03-08 SMS,NA,NA
16247,ABXXX99999,152,Fascinating bird,A fascinating bird,NA,NA,NA,1C,NA,G5,S3,220S080E,Pima,15080200,31111-E5,Presumido Peak,2001,2001,2001,Baboquivari Mountains: Buenos Aires NWR,NA,"2001: 1 pair, 1 nest, fledged 1.",NA,NA,General comments,449190.25,3487272.26,NA,NA,High,N - Confident full extent of EO is NOT known,Breeding,NA,NA,FWS Buenos Aires National Wildlife Refuge; Buenos Aires Refuge Wilderness,NA,2004-01-15 GLR,2004-03-08 SMS,NA,NA
16251,ABXXX99999,155,Fascinating bird,A fascinating bird,NA,NA,NA,1C,NA,G5,S3,190S090E,Pima,15050304,31111-G4,Fresno Wash,2001,2001,2001,Altar Wash: N of Las Guijas Mountains,NA,"2001: 1 pair, 1 nest (failed).",NA,NA,General comments,457403.74,3513173.75,NA,NA,High,N - Confident full extent of EO is NOT known,Breeding,NA,NA,FWS Buenos Aires National Wildlife Refuge; Buenos Aires Refuge Wilderness,NA,2004-01-15 GLR,2004-03-08 SMS,NA,NA
16252,ABXXX99999,156,Fascinating bird,A fascinating bird,NA,NA,NA,1C,NA,G5,S3,220S080E,Pima,15080200,31111-D4,Cumero Mountain,2001,2001,2001,San Luis Mountains: Cumero Mtn,NA,"2001: 1 pair, 1 nest, fledged 2.",NA,NA,General comments,453967.4,3482754.36,NA,NA,High,N - Confident full extent of EO is NOT known,Observation,NA,NA,FWS Buenos Aires National Wildlife Refuge; Buenos Aires Refuge Wilderness,NA,2004-01-15 GLR,2004-03-08 SMS,NA,NA
7758,ABXXX99999,11,Fascinating bird,A fascinating bird,NA,NA,NA,1C,NA,G5,S3,250N150W,Mohave,15010007,35113-E7,Music Mountains SE,5/5/1993,5/5/1993,6/22/1981,Hualapai Valley: southwest of Grand Wash Cliffs,"Desert grassland. Catclaw washes, creosote. Buckhorn cholla.",1981-06-22: Pair with 2 young (about 25 days old). 1985-06-25: Nest failed. 1986: Fledged 3.  1987: Fledged 2. 1993-05-05: Active nest.,NA,NA,General comments,242052.81,3936715,NA,NA,High,N - Confident full extent of EO is NOT known,Breeding,NA,NA,NA,NA,2004-01-09 GLR,2000-07-10 SMS,NA,NA
12114,ABXXX99999,17,Fascinating bird,A fascinating bird,NA,NA,NA,1C,NA,G5,S3,270N160W,Mohave,15010007,35113-F8,Music Mountains NW,NA,6/9/1992,6/4/1987,Hualapai Valley: southwest of Grand Wash Cliffs,Creosote-bursage,"1987-06-04: Pair, fledged 3 from nest 4-87.  1992-06-09: Adult observed incubating eggs in nest 1-92.",NA,NA,General comments,229873.56,3955030.46,NA,NA,High,N - Confident full extent of EO is NOT known,Breeding,NA,NA,NA,NA,2004-01-13 GLR,2000-07-10 SMS,NA,NA
16766,ABXXX99999,157,Fascinating bird,A fascinating bird,NA,NA,NA,1C,NA,G5,S3,270N160W,Mohave,15010007,35113-F8,Music Mountains NW,NA,5/12/2004,5/12/2004,Hualapai Valley: Music Mountains,Semi-desert grassland and mohave desert scrub mix.,2004-05-12: Pair at nest.,NA,NA,General comments,231287.13,3952658.59,NA,NA,High,N - Confident full extent of EO is NOT known,Breeding Observation,NA,NA,NA,NA,2004-10-29 GLR,2004-11-19 SMS,NA,NA
356,ABXXX99999,91,Fascinating bird,A fascinating bird,NA,NA,NA,1C,NA,G5,S3,210S260E,Cochise,15080301,31109-E6,McNeal,NA,2000,2000,Swisshelm Mountains: east of Whitewater Draw,NA,"2000: 2 adults, 1 nest, 3 fledglings.",NA,NA,General comments,623835.45,3495016.96,NA,NA,NA,NA,NA,NA,NA,Private,NA,2002-05-08 GLR,2002-05-10 SMS,NA,NA
357,ABXXX99999,101,Fascinating bird,A fascinating bird,NA,NA,NA,1C,NA,G5,S3,170S260E,Cochise,15050201,31109-H6,Sulphur Hills,NA,2000,2000,Willcox Playa: E of Sulphur Hills,NA,"2000: 2 adults, 1 nest, 2 fledglings.",NA,NA,General comments,624852.17,3537156.91,NA,NA,NA,NA,NA,NA,NA,Private,NA,2002-05-08 GLR,2002-05-10 SMS,NA,NA
402,ABXXX99999,21,Fascinating bird,A fascinating bird,NA,NA,NA,1C,NA,G5,S3,240N200W,Mohave,15010014,35114-D3,Grasshopper Junction,NA,4/16/2000,4/16/2000,Detrital Valley: south of PUTMan Wash,Level mohave desertscrub; nest in catclaw tree in wash.,2000-04-16: One dark phase adult flushed from nest.,NA,NA,General comments,194650.09,3933334.68,NA,NA,NA,NA,NA,NA,NA,Private,NA,2001-01-23 JDC,2001-02-01 SMS,NA,NA
610,ABXXX99999,49,Fascinating bird,A fascinating bird,NA,NA,NA,1C,NA,G5,S3,180S260E,Cochise,15080301,31109-G6,Squaretop Hills West,NA,1999,1999,Sulphur Hills: Squaretop Hills,NA,"1999: Swha, 1 nest (failed).",NA,NA,General comments,623589.46,3526938.17,NA,NA,NA,NA,NA,NA,NA,Private,NA,2002-05-02 GLR,2002-05-10 SMS,NA,NA
611,ABXXX99999,50,Fascinating bird,A fascinating bird,NA,NA,NA,1C,NA,G5,S3,210S260E,Cochise,15080301,31109-E6,McNeal,NA,1999,1999,Swisshelm Mountains: east of Whitewater Draw,NA,"1999: 2 adults, 1 nest, 1 fledgling.",NA,NA,General comments,623370.69,3499540.68,NA,NA,NA,NA,NA,NA,NA,Private,NA,2002-05-02 GLR,2002-05-10 SMS,NA,NA
691,ABXXX99999,15,Fascinating bird,A fascinating bird,NA,NA,NA,1C,NA,G5,S3,250N170W,Mohave,15010007,35114-E1,Mount Tipton SE,NA,6/20/1989,6/20/1989,Hualapai Valley: Cerbat Mountains,Catclaw wash.,1989-06-20: Nest 1-89 adult shading a chick.,NA,NA,General comments,222759.68,3933473.92,NA,NA,Medium,N - Confident full extent of EO is NOT known,Breeding,NA,NA,Private,NA,2004-01-09 GLR,2000-07-10 SMS,NA,NA
1089,ABXXX99999,42,Fascinating bird,A fascinating bird,NA,NA,NA,1C,NA,G5,S3,210S260E,Cochise,15080301,31109-E6,McNeal,NA,1999,1999,Sulphur Springs Valley: south of Elfrida,NA,"1999: 2 adults, 1 nest (failed).",NA,NA,General comments,623133.4,3492960.66,NA,NA,NA,NA,NA,NA,NA,Private,NA,2002-05-02 GLR,2002-05-08 SMS,NA,NA
1614,ABXXX99999,85,Fascinating bird,A fascinating bird,NA,NA,NA,1C,NA,G5,S3,170S240E,Cochise,15050201,31109-H7,Pearce,NA,2000,2000,Dragoon Mountains: W of Sulphur Hills,NA,"2000: 2 adults, 1 nest (failed).",NA,NA,General comments,608665.85,3538476.01,NA,NA,NA,NA,NA,NA,NA,Private,NA,2002-05-08 GLR,2002-05-10 SMS,NA,NA
1830,ABXXX99999,66,Fascinating bird,A fascinating bird,NA,NA,NA,1C,NA,G5,S3,220S260E,Cochise,15080301,31109-E6,McNeal,NA,2000,1999,Swisshelm Mountains: E of Mule Mountains,NA,"1999: 2 adults, 1 nest (failed). 2000: 2 adults, 1 nest, 1 fledgling.",NA,NA,General comments,627280.44,3489920.07,NA,NA,NA,NA,NA,NA,NA,Private,NA,2002-05-03 GLR,2002-05-10 SMS,NA,NA
2247,ABXXX99999,64,Fascinating bird,A fascinating bird,NA,NA,NA,1C,NA,G5,S3,210S250E,Cochise,15080301,31109-E7,Gleeson SE,NA,1999,1999,Sulphur Springs Valley: NE of Mule Mountains,NA,"1999: 2 adults, 1 nest (failed).",NA,NA,General comments,618409.24,3496489.26,NA,NA,NA,NA,NA,NA,NA,Private,NA,2002-05-03 GLR,2002-05-10 SMS,NA,NA
2686,ABXXX99999,58,Fascinating bird,A fascinating bird,NA,NA,NA,1C,NA,G5,S3,170S240E,Cochise,15050201,31109-H7,Pearce,NA,1999,1999,Dragoon Mountains: W of Three Sisters Buttes,NA,"1999: 2 adults, 1 nest (failed).",NA,NA,General comments,608089.52,3540114.33,NA,NA,NA,NA,NA,NA,NA,Private,NA,2002-05-03 GLR,2002-05-10 SMS,NA,NA
2968,ABXXX99999,39,Fascinating bird,A fascinating bird,NA,NA,NA,1C,NA,G5,S3,180S260E,Cochise,15080301,31109-H6,Sulphur Hills,NA,1999,1999,Sulphur Hills: Turkey Creek Ridge,NA,"1999: 2 adults, 1 nest (failed).",NA,NA,General comments,626534.5,3527462.86,NA,NA,NA,NA,NA,NA,NA,Private,NA,2002-05-02 GLR,2002-05-08 SMS,NA,NA
3306,ABXXX99999,83,Fascinating bird,A fascinating bird,NA,NA,NA,1C,NA,G5,S3,160S260E,Cochise,15050201,32109-A6,Dos Cabezas SW,NA,2000,2000,Willcox Playa: W of Pat Hills,NA,"2000: 2 adults, 1 nest, 2 fledglings.",NA,NA,General comments,624796.95,3542112.23,NA,NA,NA,NA,NA,NA,NA,Private,NA,2002-05-07 GLR,2002-05-10 SMS,NA,NA
3453,ABXXX99999,7,Fascinating bird,A fascinating bird,NA,NA,NA,1C,NA,G5,S3,250N200W,Mohave,15010014,35114-E4,Middle Water Spring,5/5/1997,5/5/1997,7/17/1980,Detrital Valley: Detrital Wash,Nest tree = 4.7 meter acacia gregii.,"1980-07-17: 2 individuals observed flying. 1997-05-05: 1 adult flying over nest with 3 eggs, 2 adults seen a couple of weeks earlier.",NA,NA,General comments,192841.69,3940926.6,NA,NA,High,N - Confident full extent of EO is NOT known,Breeding,NA,NA,Private,NA,2003-12-16 GLR,2000-07-10 SMS,NA,NA
3552,ABXXX99999,112,Fascinating bird,A fascinating bird,NA,NA,NA,1C,NA,G5,S3,150S250E,Cochise,15050201,32109-A7,Sulphur Spring,NA,2000,2000,Willcox Playa: N of Three Sisters Buttes,NA,"2000: 2 adults, 1 nest, 1 fledgling.",NA,NA,General comments,617443.13,3553640.27,NA,NA,NA,NA,NA,NA,NA,Private,NA,2002-05-08 GLR,2002-05-13 SMS,NA,NA
3701,ABXXX99999,87,Fascinating bird,A fascinating bird,NA,NA,NA,1C,NA,G5,S3,170S260E,Cochise,15050201,31109-H6,Sulphur Hills,NA,2000,2000,Sulphur Hills: Turkey Creek Ridge,NA,"2000: 2 adults, 1 nest (failed).",NA,NA,General comments,626687.86,3535468.22,NA,NA,NA,NA,NA,NA,NA,Private,NA,2002-05-08 GLR,2002-05-10 SMS,NA,NA
3867,ABXXX99999,37,Fascinating bird,A fascinating bird,NA,NA,NA,1C,NA,G5,S3,110S230E,Cochise; Graham,15050201,32109-D8,West of Greasewood Mountain,NA,2000,1999,Pinaleno Mountains: NW of Circle I Hills,NA,"1999: 2 adults, 1 nest, 2 fledglings. 2000: 2 adults, 1 nest, 3 fledglings.",NA,NA,General comments,596059.75,3588276.37,NA,NA,NA,NA,NA,NA,NA,Private,NA,2002-05-02 GLR,2002-05-08 SMS,NA,NA
3966,ABXXX99999,117,Fascinating bird,A fascinating bird,NA,NA,NA,1C,NA,G5,S3,240S280E,Cochise,15080301,31109-D5,Douglas NE,NA,2000,2000,Sulphur Springs Valley: north of Douglas,NA,"2000: 2 adults, 1 nest, 1 fledgling.",NA,NA,General comments,638642.58,3472439.51,NA,NA,NA,NA,NA,NA,NA,Private,NA,2002-05-08 GLR,2002-05-13 SMS,NA,NA
4177,ABXXX99999,13,Fascinating bird,A fascinating bird,NA,NA,NA,1C,NA,G5,S3,240N160W,Mohave,15010007,35113-D8,Long Mountain,NA,5/11/1994,5/11/1994,Hualapai Valley: vicinity of Long Mountain,"Desert scrub-creosote, sage, staghorn cactus.",1994-05-11: Male flying and female on nest in cactus.,NA,NA,General comments,232285.81,3927131.27,NA,NA,NA,NA,NA,NA,NA,Private,NA,2000-06-27 RHB,2000-07-10 SMS,NA,NA
4227,ABXXX99999,93,Fascinating bird,A fascinating bird,NA,NA,NA,1C,NA,G5,S3,120S240E,Cochise,15050201,32109-D8,West of Greasewood Mountain,NA,2000,2000,Pinaleno Mountains: Winchester Mountains,NA,"2000: 2 adults, 1 nest (failed).",NA,NA,General comments,600848.79,3583966.43,NA,NA,NA,NA,NA,NA,NA,Private,NA,2002-05-08 GLR,2002-05-10 SMS,NA,NA
4228,ABXXX99999,103,Fascinating bird,A fascinating bird,NA,NA,NA,1C,NA,G5,S3,230S260E,Cochise,15080301,31109-D6,Double Adobe,NA,2000,2000,Sulphur Springs Valley: E of Mule Mountains,NA,"2000: 2 adults, 1 nest, 2 fledglings.",NA,NA,General comments,626918.39,3480742.33,NA,NA,NA,NA,NA,NA,NA,Private,NA,2002-05-08 GLR,2002-05-10 SMS,NA,NA
5289,ABXXX99999,44,Fascinating bird,A fascinating bird,NA,NA,NA,1C,NA,G5,S3,200S260E,Cochise,15080301,31109-F6,Elfrida,NA,2000,1999,Sulphur Springs Valley: east of Outlaw Mountain,NA,"1999: 2 adults, 1 nest, 2 fledglings. 2000: 2 adults, 1 nest (failed).",NA,NA,General comments,624403.15,3502444.85,NA,NA,NA,NA,NA,NA,NA,Private,NA,2002-05-02 GLR,2002-05-10 SMS,NA,NA
5379,ABXXX99999,71,Fascinating bird,A fascinating bird,NA,NA,NA,1C,NA,G5,S3,230S270E,Cochise,15080301,31109-D5,Douglas NE,NA,2000,1999,Sulphur Springs Valley: west of Perilla Mountains,NA,"1999: 2 adults, 1 nest, 1 fledgling. 2000: 2 adults, 1 nest, 2 fledglings.",NA,NA,General comments,634819.56,3475963.38,NA,NA,NA,NA,NA,NA,NA,Private,NA,2002-05-07 GLR,2002-05-10 SMS,NA,NA
5498,ABXXX99999,76,Fascinating bird,A fascinating bird,NA,NA,NA,1C,NA,G5,S3,220S300E,Cochise,15080302,31109-E3,Pedregosa Mountains East,NA,2000,1999,San Bernardino Valley: E of Pedregosa Mountains,NA,"1999: 2 adults, 1 nest, 1 fledgling. 2000: 2 adults, 1 nest, 1 fledgling.",NA,NA,General comments,661030.63,3489909.53,NA,NA,NA,NA,NA,NA,NA,Private,NA,2002-05-07 GLR,2002-05-10 SMS,NA,NA
5637,ABXXX99999,95,Fascinating bird,A fascinating bird,NA,NA,NA,1C,NA,G5,S3,110S230E,Graham,15050201,32109-D8,West of Greasewood Mountain,NA,2000,2000,Pinaleno Mountains: Winchester Mountains,NA,"2000: 2 adults, 1 nest, 1 fledgling.",NA,NA,General comments,597440.72,3589930.36,NA,NA,NA,NA,NA,NA,NA,Private,NA,2002-05-08 GLR,2002-05-10 SMS,NA,NA
5932,ABXXX99999,8,Fascinating bird,A fascinating bird,NA,NA,NA,1C,NA,G5,S3,180N180E,Navajo,15020008,34110-H4,Apache Butte,NA,6/16/1997,6/16/1997,Lcr: Hansen Flat,NA,1997-06-16: Flushed adult from occupied nest.,NA,NA,General comments,554210.83,3868370.38,NA,NA,NA,NA,NA,NA,NA,Private,NA,2000-06-26 SMS,2000-07-10 SMS,NA,NA
6113,ABXXX99999,6,Fascinating bird,A fascinating bird,NA,NA,NA,1C,NA,G5,S3,160N020W,Yavapai,15060202,34112-G4,Chino Valley North,NA,5/7/1998,5/7/1998,Little Chino Valley: Chino Valley,"Nest located high in a large tree in open fields/grassland, within 1/4 mile of ranch buildings.",1998-05-07: One flew from nest to nearby tree and copulated with second.,May Occur On State Land,NA,General comments,362777.03,3852415.75,NA,NA,NA,NA,NA,NA,NA,Private,NA,2000-06-26 SMS,2000-07-10 SMS,NA,NA
6597,ABXXX99999,29,Fascinating bird,A fascinating bird,NA,NA,NA,1C,NA,G5,S3,190S260E,Cochise,15080301,31109-G6,Squaretop Hills West,NA,2000,1999,Swisshelm Mountains: Squaretop Hills,NA,"1999: 2 adults, 1 nest, 1 fledge. 2000: Total of 4 adults, 2 nests, 5 fledglings for 2 territories.",NA,NA,General comments,623485.42,3517104.41,NA,NA,NA,NA,NA,NA,NA,Private,NA,2002-05-08 GLR,2002-05-08 SMS,NA,NA
6598,ABXXX99999,30,Fascinating bird,A fascinating bird,NA,NA,NA,1C,NA,G5,S3,180S260E,Cochise,15080301,31109-G6,Squaretop Hills West,NA,1999,1999,Swisshelm Mountains: Squaretop Hills,NA,"1999: 2 adults, 1 nest (failed).",NA,NA,General comments,623455.54,3522528.62,NA,NA,NA,NA,NA,NA,NA,Private,NA,2002-05-02 GLR,2002-05-08 SMS,NA,NA
6628,ABXXX99999,56,Fascinating bird,A fascinating bird,NA,NA,NA,1C,NA,G5,S3,200S260E,Cochise,15080301,31109-F6,Elfrida,NA,2000,1999,Sulphur Springs Valley: Whitewater Draw,NA,"1999: 2 adults, 1 nest, 2 fledglings. 2000: 2 adults, 1 nest (failed).",NA,NA,General comments,628810.47,3507247.45,NA,NA,NA,NA,NA,NA,NA,Private,NA,2002-05-03 GLR,2002-05-10 SMS,NA,NA
6811,ABXXX99999,99,Fascinating bird,A fascinating bird,NA,NA,NA,1C,NA,G5,S3,190S270E,Cochise,15080301,31109-G6,Squaretop Hills West,NA,2000,2000,Swisshelm Mountains: Squaretop Hills,NA,"2000: 2 adults, 1 nest (failed).",NA,NA,General comments,629347.56,3514385.66,NA,NA,NA,NA,NA,NA,NA,Private,NA,2002-05-08 GLR,2002-05-10 SMS,NA,NA
6814,ABXXX99999,110,Fascinating bird,A fascinating bird,NA,NA,NA,1C,NA,G5,S3,200S190E,Cochise,15050202,31110-F3,Huachuca City,NA,2000,2000,Huachuca Mountains: San Ignacio Del Babocomari,NA,"2000: 2 adults, 1 nest, 1 fledgling.",NA,NA,General comments,559500.73,3503279.86,NA,NA,NA,NA,NA,NA,NA,Private,NA,2002-05-08 GLR,2002-05-13 SMS,NA,NA
7017,ABXXX99999,94,Fascinating bird,A fascinating bird,NA,NA,NA,1C,NA,G5,S3,120S240E,Cochise,15050201,32109-D8,West of Greasewood Mountain,NA,2000,2000,Pinaleno Mountains: Winchester Mountains,NA,"2000: 2 adults, 1 nest, 1 fledgling.",NA,NA,General comments,600873.72,3585146.52,NA,NA,NA,NA,NA,NA,NA,Private,NA,2002-05-08 GLR,2002-05-10 SMS,NA,NA
7018,ABXXX99999,104,Fascinating bird,A fascinating bird,NA,NA,NA,1C,NA,G5,S3,230S280E,Cochise,15080301,31109-D5,Douglas NE,NA,2000,2000,Sulphur Springs Valley: NE of Douglas,NA,"2000: 2 adults, 1 nest, 3 fledglings.",NA,NA,General comments,641536.61,3473550.51,NA,NA,NA,NA,NA,NA,NA,Private,NA,2002-05-08 GLR,2002-05-10 SMS,NA,NA
7175,ABXXX99999,54,Fascinating bird,A fascinating bird,NA,NA,NA,1C,NA,G5,S3,200S260E,Cochise,15080301,31109-F6,Elfrida,NA,2000,1999,Sulphur Springs Valley: east of Sugarloaf Mountain,NA,"1999: 2 adults, 1 nest, 1 fledgling. 2000: Total of 4 adults, 2 nests, 1 fledgling for 2 territories.",NA,NA,General comments,620458.11,3508420.11,NA,NA,NA,NA,NA,NA,NA,Private,NA,2002-05-02 GLR,2002-05-10 SMS,NA,NA
7417,ABXXX99999,62,Fascinating bird,A fascinating bird,NA,NA,NA,1C,NA,G5,S3,160S260E,Cochise,15050201,32109-A6,Dos Cabezas SW,NA,2000,1999,Willcox Playa: W of Pat Hills,NA,"1999,2000: 2 adults, 1 nest (failed).",NA,NA,General comments,624750.53,3545545.46,NA,NA,NA,NA,NA,NA,NA,Private,NA,2002-05-03 GLR,2002-05-10 SMS,NA,NA
7475,ABXXX99999,5,Fascinating bird,A fascinating bird,NA,NA,NA,1C,NA,G5,S3,260N030W,Coconino,15010004,35112-F5,Tin House,NA,5/30/1998,5/30/1998,"Southeast of Long Point: about 2/3 mile NW of Rincon Tank, about 1/2 mile east northeast of Mexican Tank.",Severely grazed grass basin with snakeweed and scattered junipers.,"1998-05-30: Adult bird observed near 2 very low stick nests, both empty.",NA,NA,General comments,357026.04,3946339.07,NA,NA,NA,NA,NA,NA,NA,Private,NA,2000-06-26 SMS,2000-07-10 SMS,NA,NA
7779,ABXXX99999,115,Fascinating bird,A fascinating bird,NA,NA,NA,1C,NA,G5,S3,170S260E,Cochise,15050201,31109-H6,Sulphur Hills,NA,2000,2000,Sulphur Hills: Squaretop Hills,NA,"2000: 2 adults, 1 nest, 2 fledglings.",NA,NA,General comments,626298.17,3532738.96,NA,NA,NA,NA,NA,NA,NA,Private,NA,2002-05-08 GLR,2002-05-13 SMS,NA,NA
8291,ABXXX99999,102,Fascinating bird,A fascinating bird,NA,NA,NA,1C,NA,G5,S3,230S310E,Cochise,15080302,31109-D2,Lazy J Ranch,NA,2000,2000,San Bernardino Valley: SW of Paramore Crater,NA,"2000: 2 adults, 1 nest 2 fledglings.",NA,NA,General comments,673118.44,3473555.49,NA,NA,NA,NA,NA,NA,NA,Private,NA,2002-05-08 GLR,2002-05-10 SMS,NA,NA
8772,ABXXX99999,35,Fascinating bird,A fascinating bird,NA,NA,NA,1C,NA,G5,S3,110S230E,Graham,15050201,32109-D8,West of Greasewood Mountain,NA,2000,1999,Pinaleno Mountains: NW of Circle I Hills,NA,"1999: 2 adults, 1 nest (failed). 2000: 2 adults, 1 nest, 3 fledglings.",NA,NA,General comments,596064.2,3591513.83,NA,NA,NA,NA,NA,NA,NA,Private,NA,2002-05-02 GLR,2002-05-08 SMS,NA,NA
8776,ABXXX99999,22,Fascinating bird,A fascinating bird,NA,NA,NA,1C,NA,G5,S3,190S260E,Cochise,15080301,31109-G6,Squaretop Hills West,2000,2000,8/6/1999,Southwest of Squaretop Hills: just north of intersection of Hwy 191 and Rucker Canyon Road.,Farm complex with pine trees.,"1999-08-06: Two adults and 1 nestling in nest in pine tree, 1 dead fledgling on road. 1999: 2 adults, 1 nest, 2 fledglings. 2000: 2 adults, 1 nest, 3 fledglings.",NA,NA,General comments,624037.63,3514898.44,NA,NA,NA,NA,NA,NA,NA,Private,NA,2002-05-02 GLR,2001-02-01 SMS,NA,NA
9052,ABXXX99999,55,Fascinating bird,A fascinating bird,NA,NA,NA,1C,NA,G5,S3,200S260E,Cochise,15080301,31109-F6,Elfrida,NA,2000,1999,Sulphur Springs Valley: SE of Maud Hill,NA,"1999: 2 adults, 1 nest, 1 fledgling. 2000: 2 adults, 1 nest, 1 fledgling.",NA,NA,General comments,625476.17,3507644.63,NA,NA,NA,NA,NA,NA,NA,Private,NA,2002-05-03 GLR,2002-05-10 SMS,NA,NA
9487,ABXXX99999,2,Fascinating bird,A fascinating bird,NA,NA,NA,1C,NA,G5,S3,110S100E,Pima; Pinal,15050303,32111-D3,West of Marana,NA,7/10/1993,7/10/1993,Santa Cruz River: about 1 mile south of Marana Air Park,Pecan grove.,1993-07-10: Nest with young observed.,NA,NA,General comments,469978.03,3594772.44,NA,NA,NA,NA,NA,NA,NA,Private,NA,1996-05-22 DJG,1996-06-11 SSS,NA,NA
9542,ABXXX99999,72,Fascinating bird,A fascinating bird,NA,NA,NA,1C,NA,G5,S3,210S260E,Cochise,15080301,31109-E6,McNeal,NA,2000,1999,Sulphur Springs Valley: SW of Swisshelm Mountain,NA,"1999: 2 adults, 1 nest, 1 fledgling. 2000: 2 adults, 1 nest, 2 fledglings.",NA,NA,General comments,626514.52,3493928.95,NA,NA,NA,NA,NA,NA,NA,Private,NA,2002-05-07 GLR,2002-05-10 SMS,NA,NA
9543,ABXXX99999,135,Fascinating bird,A fascinating bird,NA,NA,NA,1C,NA,G5,S3,150S260E,Cochise,15050201,32109-A6,Dos Cabezas SW,NA,2000,2000,Willcox Playa: SW of Dos Cabezas Mountains,NA,"2000: 2 adults, 1 nest, 2 fledglings.",NA,NA,General comments,622313.31,3553070.26,NA,NA,NA,NA,NA,NA,NA,Private,NA,2002-05-09 GLR,2002-05-13 SMS,NA,NA
9789,ABXXX99999,14,Fascinating bird,A fascinating bird,NA,NA,NA,1C,NA,G5,S3,240N150W,Mohave,15010007,35113-D7,Antares,NA,5/13/1994,5/12/1994,Hualapai Valley: NW of Antares,"Desert grassland with larrea tridentata, acacia and prosopis.",1994-05-12: Adult flying from nest 1-94 containing eggs.  1994-05-13: Nest 2-94 contains eggs.,NA,NA,General comments,240779.48,3929319.06,NA,NA,High,N - Confident full extent of EO is NOT known,Breeding,NA,NA,Private,NA,2004-01-09 GLR,2000-07-10 SMS,NA,NA
9925,ABXXX99999,45,Fascinating bird,A fascinating bird,NA,NA,NA,1C,NA,G5,S3,180S260E,Cochise,15080301,31109-G6,Squaretop Hills West,NA,2000,1999,Sulphur Hills: Squaretop Hills,NA,"1999: 2 adults, 1 nest (failed). 2000: 2 adults, 1 nest, 2 fledglings.",NA,NA,General comments,623450.45,3523663.69,NA,NA,NA,NA,NA,NA,NA,Private,NA,2002-05-02 GLR,2002-05-10 SMS,NA,NA
10301,ABXXX99999,57,Fascinating bird,A fascinating bird,NA,NA,NA,1C,NA,G5,S3,200S260E,Cochise,15080301,31109-F6,Elfrida,NA,1999,1999,Sulphur Springs Valley: W of Swisshelm Mountains,NA,"1999: 2 adults, 1 nest, 1 fledgling.",NA,NA,General comments,627745.99,3504767.37,NA,NA,NA,NA,NA,NA,NA,Private,NA,2002-05-03 GLR,2002-05-10 SMS,NA,NA
10354,ABXXX99999,113,Fascinating bird,A fascinating bird,NA,NA,NA,1C,NA,G5,S3,160S250E,Cochise,15050201,32109-A7,Sulphur Spring,NA,2000,2000,Willcox Playa: north of Three Sisters Buttes,NA,"2000: 2 adults, 1 nest, 1 fledgling.",NA,NA,General comments,617266.23,3549891.43,NA,NA,NA,NA,NA,NA,NA,Private,NA,2002-05-08 GLR,2002-05-13 SMS,NA,NA
10380,ABXXX99999,69,Fascinating bird,A fascinating bird,NA,NA,NA,1C,NA,G5,S3,150S240E,Cochise,15050201,32109-A8,Cochise,NA,1999,1999,Willcox Playa: SW of Red Bird Hills,NA,"1999: 2 adults, 1 nest, 1 fledgling.",NA,NA,General comments,602937.14,3552293.18,NA,NA,NA,NA,NA,NA,NA,Private,NA,2002-05-03 GLR,2002-05-10 SMS,NA,NA
10381,ABXXX99999,70,Fascinating bird,A fascinating bird,NA,NA,NA,1C,NA,G5,S3,230S260E,Cochise,15080301,31109-D6,Double Adobe,NA,2000,1999,Sulphur Springs Valley: east of Mule Mountains,NA,"1999: 2 adults, 1 nest, 2 fledglings. 2000: 2 adults, 1 nest (failed).",NA,NA,General comments,624799.61,3481926.8,NA,NA,NA,NA,NA,NA,NA,Private,NA,2002-05-07 GLR,2002-05-10 SMS,NA,NA
10555,ABXXX99999,82,Fascinating bird,A fascinating bird,NA,NA,NA,1C,NA,G5,S3,160S260E,Cochise,15050201,32109-A6,Dos Cabezas SW,NA,2000,2000,Willcox Playa: NE of Three Sisters Buttes,NA,"2000: 2 adults, 1 nest (failed).",NA,NA,General comments,619854.83,3548363.92,NA,NA,NA,NA,NA,NA,NA,Private,NA,2002-05-07 GLR,2002-05-10 SMS,NA,NA
10566,ABXXX99999,111,Fascinating bird,A fascinating bird,NA,NA,NA,1C,NA,G5,S3,130S240E,Cochise,15050201,32109-C8,Square Mountain,NA,2000,2000,Winchester Mountains: SW of Circle I Hills,NA,"2000: 2 adults, 1 nest, 3 fledglings.",NA,NA,General comments,605831.94,3576491.51,NA,NA,NA,NA,NA,NA,NA,Private,NA,2002-05-08 GLR,2002-05-13 SMS,NA,NA
11021,ABXXX99999,98,Fascinating bird,A fascinating bird,NA,NA,NA,1C,NA,G5,S3,160S260E,Cochise,15050201,32109-A6,Dos Cabezas SW,NA,2000,2000,Willcox Playa: SW of Dos Cabezas Mountains,NA,"2000: 2 adults, 1 nest 2 fledglings.",NA,NA,General comments,624721.29,3543502.78,NA,NA,NA,NA,NA,NA,NA,Private,NA,2002-05-08 GLR,2002-05-10 SMS,NA,NA
11292,ABXXX99999,34,Fascinating bird,A fascinating bird,NA,NA,NA,1C,NA,G5,S3,120S240E,Cochise,15050201,32109-D8,West of Greasewood Mountain,NA,2000,1999,Pinaleno Mountains: NW of Circle I Hills,NA,"1999: Total of 4 adults, 2 nests, 4 fledglings for 2 territories. 2000: Total of 6 adults, 3 nests, 2 fledglings for 3 territories.",NA,NA,General comments,600294.32,3588015.3,NA,NA,NA,NA,NA,NA,NA,Private,NA,2002-05-02 GLR,2002-05-08 SMS,NA,NA
11497,ABXXX99999,114,Fascinating bird,A fascinating bird,NA,NA,NA,1C,NA,G5,S3,160S260E,Cochise,15050201,32109-A6,Dos Cabezas SW,NA,2000,2000,Willcox Playa: NW of Pat Hills,NA,"2000: 2 adults, 1 nest, 2 fledglings.",NA,NA,General comments,623883.34,3547730.48,NA,NA,NA,NA,NA,NA,NA,Private,NA,2002-05-08 GLR,2002-05-13 SMS,NA,NA
11695,ABXXX99999,88,Fascinating bird,A fascinating bird,NA,NA,NA,1C,NA,G5,S3,110S230E,Graham,15050201,32109-D8,West of Greasewood Mountain,NA,2000,2000,Pinaleno Mountains: N of Winchester Mountains,NA,"2000: 2 adults, 1 nest, 2 fledglings.",NA,NA,General comments,595993.33,3594725.64,NA,NA,NA,NA,NA,NA,NA,Private,NA,2002-05-08 GLR,2002-05-10 SMS,NA,NA
11962,ABXXX99999,10,Fascinating bird,A fascinating bird,NA,NA,NA,1C,NA,G5,S3,240N140W,Mohave,15010007,35113-D7,Antares,5/5/1993,5/5/1993,3/10/1981,Hualapai Valley: about 1 mile north of Antares,"Annual grassland, mixed thornscrub.",1981-03-10: Seen circling . 1981-05-12: 2 individuals seen chasing. 1993-05-05:,NA,NA,General comments,244744.62,3926984.37,NA,NA,Medium,N - Confident full extent of EO is NOT known,Breeding,NA,NA,Private,NA,2003-12-16 GLR,2000-07-10 SMS,NA,NA
12055,ABXXX99999,43,Fascinating bird,A fascinating bird,NA,NA,NA,1C,NA,G5,S3,210S260E,Cochise,15080301,31109-E6,McNeal,NA,2000,1999,Sulphur Springs Valley: S of Elfrida,NA,"1999: 2 adults, 1 nest, 1 fledgling. 2000: 2 adults, 1 nest, 3 fledglings.",NA,NA,General comments,623544.77,3498316.58,NA,NA,NA,NA,NA,NA,NA,Private,NA,2002-05-02 GLR,2002-05-10 SMS,NA,NA
12071,ABXXX99999,67,Fascinating bird,A fascinating bird,NA,NA,NA,1C,NA,G5,S3,200S200E,Cochise,15050202,31110-F3,Huachuca City,NA,2000,1999,Mustang Mountains: Babocomari River,NA,"1999: 2 adults, 1 nest (failed). 2000: 2 adults, 1 nest, 2 fledglings.",NA,NA,General comments,561973.86,3504417.23,NA,NA,NA,NA,NA,NA,NA,Private,NA,2002-05-03 GLR,2002-05-10 SMS,NA,NA
12481,ABXXX99999,86,Fascinating bird,A fascinating bird,NA,NA,NA,1C,NA,G5,S3,160S250E,Cochise,15050201,32109-A7,Sulphur Spring,NA,2000,2000,Willcox Playa: N of Sulphur Hills,NA,"2000: 2 adults, 1 nest, 2 fledlgings.",NA,NA,General comments,616885.93,3542643.07,NA,NA,NA,NA,NA,NA,NA,Private,NA,2002-05-08 GLR,2002-05-10 SMS,NA,NA
12867,ABXXX99999,41,Fascinating bird,A fascinating bird,NA,NA,NA,1C,NA,G5,S3,230S260E,Cochise,15080301,31109-D6,Double Adobe,NA,2000,1999,Sulphur Springs Valley: NE of Mule Mountains,NA,"1999: 2 adults, 1 nest (failed). 2000: 2 adults, 1 nest, 3 fledged.",NA,NA,General comments,622585.84,3481971.27,NA,NA,NA,NA,NA,NA,NA,Private,NA,2002-05-02 GLR,2002-05-08 SMS,NA,NA
12979,ABXXX99999,53,Fascinating bird,A fascinating bird,NA,NA,NA,1C,NA,G5,S3,200S260E,Cochise,15080301,31109-F6,Elfrida,NA,2000,1999,Sulphur Springs Valley: east of Sugarloaf Mountain,NA,"1999: 2 adults, 1 nest, 2 fledglings. 2000: 2 adults, 1 nest, 2 fledglings.",NA,NA,General comments,619413.09,3507914.12,NA,NA,NA,NA,NA,NA,NA,Private,NA,2002-05-02 GLR,2002-05-10 SMS,NA,NA
13136,ABXXX99999,59,Fascinating bird,A fascinating bird,NA,NA,NA,1C,NA,G5,S3,170S250E,Cochise,15050201,31109-H7,Pearce,NA,2000,1999,Dragoon Mountains: W of Sulphur Hills,NA,"1999: 2 adults, 1 nest, 1 fledgling. 2000: 2 adults, 1 nest (failed).",NA,NA,General comments,616061.49,3538779.51,NA,NA,NA,NA,NA,NA,NA,Private,NA,2002-05-03 GLR,2002-05-10 SMS,NA,NA
13278,ABXXX99999,118,Fascinating bird,A fascinating bird,NA,NA,NA,1C,NA,G5,S3,230S280E,Cochise,15080301,31109-D5,Douglas NE,NA,2000,2000,Sulphur Springs Valley: north of Douglas,NA,"2000: 2 adults, 1 nest, 2 fledglings.",NA,NA,General comments,638390.54,3474277.51,NA,NA,NA,NA,NA,NA,NA,Private,NA,2002-05-08 GLR,2002-05-13 SMS,NA,NA
13327,ABXXX99999,20,Fascinating bird,A fascinating bird,NA,NA,NA,1C,NA,G5,S3,250N170W,Mohave,15010007,35114-E1,Mount Tipton SE,NA,4/17/2000,6/8/1987,Hualapai Valley: Twentysix Wash,Flat valley bottom with widely scattered catclaw acacia trees.  annual grassland.,"1989-06-20: Nest 6-87 active, success unknown.  1989-06-20: Nest 2-89 adult with chick.  2000-04-17: One adult near nest, building nest.",NA,NA,General comments,219349.73,3940039.19,NA,NA,Medium,N - Confident full extent of EO is NOT known,Breeding,NA,NA,Private,NA,2004-01-09 GLR,2001-02-01 SMS,NA,NA
13630,ABXXX99999,46,Fascinating bird,A fascinating bird,NA,NA,NA,1C,NA,G5,S3,190S260E,Cochise,15080301,31109-G6,Squaretop Hills West,NA,2000,1999,Turquoise Mountain: Squaretop Hills,NA,"1999: 2 adults, 1 nest (failed). 2000: Total of 4 adults, 2 nests, 2 fledglings.",NA,NA,General comments,622199.22,3514369.96,NA,NA,NA,NA,NA,NA,NA,Private,NA,2002-05-08 GLR,2002-05-10 SMS,NA,NA
13864,ABXXX99999,89,Fascinating bird,A fascinating bird,NA,NA,NA,1C,NA,G5,S3,110S240E,Graham,15050201,32109-D8,West of Greasewood Mountain,NA,2000,2000,Pinaleno Mountains: NE of Winchester Mountains,NA,"2000: 2 adults, 1 nest, 1 fledgling.",NA,NA,General comments,600860.65,3593179.34,NA,NA,NA,NA,NA,NA,NA,Private,NA,2002-05-08 GLR,2002-05-10 SMS,NA,NA
14145,ABXXX99999,36,Fascinating bird,A fascinating bird,NA,NA,NA,1C,NA,G5,S3,110S230E,Graham,15050201,32109-D8,West of Greasewood Mountain,NA,2000,1999,Pinaleno Mountains: NW of Circle I Hills,NA,"1999,2000: 2 adults, 1 nest (failed).",NA,NA,General comments,595904.09,3589919.31,NA,NA,NA,NA,NA,NA,NA,Private,NA,2002-05-02 GLR,2002-05-08 SMS,NA,NA
14260,ABXXX99999,116,Fascinating bird,A fascinating bird,NA,NA,NA,1C,NA,G5,S3,220S210E,Cochise,15050202,31110-D3,Miller Peak,NA,2000,2000,Huachuca Mountains: Fort Huachuca,NA,"2000: 2 adults, 1 nest, 2 fledglings.",NA,NA,General comments,570935.44,3485126.35,NA,NA,NA,NA,NA,NA,NA,Private,NA,2002-05-08 GLR,2002-05-13 SMS,NA,NA
14634,ABXXX99999,61,Fascinating bird,A fascinating bird,NA,NA,NA,1C,NA,G5,S3,150S250E,Cochise,15050201,32109-A7,Sulphur Spring,NA,2000,1999,Willcox Playa: N of Three Sisters Buttes,NA,"1999: 2 adults, 1 nest, 1 fledgling. 2000: 2 adults, 1 nest, 1 fledgling.",NA,NA,General comments,617327.5,3551622.48,NA,NA,NA,NA,NA,NA,NA,Private,NA,2002-05-03 GLR,2002-05-10 SMS,NA,NA
14644,ABXXX99999,80,Fascinating bird,A fascinating bird,NA,NA,NA,1C,NA,G5,S3,110S230E,Graham,15050201,32109-D8,West of Greasewood Mountain,NA,2000,1999,Winchester Mountains: SW of Kane Spring Mtn,NA,"1999: 2 adults, 1 nest, 2 fledglings. 2000: 2 adults, 1 nest, 2 fledglings.",NA,NA,General comments,594932.18,3591504.69,NA,NA,NA,NA,NA,NA,NA,Private,NA,2002-05-07 GLR,2002-05-10 SMS,NA,NA
14756,ABXXX99999,63,Fascinating bird,A fascinating bird,NA,NA,NA,1C,NA,G5,S3,230S270E,Cochise,15080301,31109-D6,Double Adobe,NA,2000,1999,Sulphur Springs Valley: E of Mule Mountains,NA,"1999: 2 adults, 1 nest, 1 fledgling. 2000: 2 adults, 1 nest (failed).",NA,NA,General comments,630247.48,3478698.83,NA,NA,NA,NA,NA,NA,NA,Private,NA,2002-05-03 GLR,2002-05-10 SMS,NA,NA
15086,ABXXX99999,51,Fascinating bird,A fascinating bird,NA,NA,NA,1C,NA,G5,S3,120S240E,Cochise,15050201,32109-C8,Square Mountain,NA,2000,1999,Winchester Mountains: north of Red Bird Hills,NA,"1999: 2 adults, 1 nest (failed). 2000: 2 adults, 1 nest, 3 fledglings.",NA,NA,General comments,602799.47,3579028.91,NA,NA,NA,NA,NA,NA,NA,Private,NA,2002-05-02 GLR,2002-05-10 SMS,NA,NA
15176,ABXXX99999,32,Fascinating bird,A fascinating bird,NA,NA,NA,1C,NA,G5,S3,240S260E,Cochise,15080301,31109-C6,Paul Spur,NA,2000,1999,Sulphur Springs Valley: east of Mule Mountains,NA,"1999: 2 adults, 1 nest, 2 fledglings. 2000: 2 adults, 1 nest, 1 fledgling.",NA,NA,General comments,627032.93,3470557.07,NA,NA,NA,NA,NA,NA,NA,Private,NA,2002-05-02 GLR,2002-05-08 SMS,NA,NA
16211,ABXXX99999,137,Fascinating bird,A fascinating bird,NA,NA,NA,1C,NA,G5,S3,260N170W,Mohave,15010007,35114-F1,Red Lake,7/29/1988,7/29/1988,6/15/1986,Hualapai Valley: Red Lake,"Joshua tree-mixed shrub, creosote, snakeweed.","1986-06-15: Nest 13-86 active, probably fledged 8-4-86.  1987-05-21: Nest 1-87 adult incubating, nest failed 6-19-87.  1988-07-29: Pair with 1 young at nest 2-88.",NA,NA,General comments,218081.96,3950554.61,NA,NA,Medium,N - Confident full extent of EO is NOT known,Breeding,NA,NA,Private,NA,2004-01-13 GLR,2004-01-09 SMS,NA,NA
16212,ABXXX99999,138,Fascinating bird,A fascinating bird,NA,NA,NA,1C,NA,G5,S3,250N160W,Mohave,15010007,35113-E8,Music Mountains SW,6/20/1986,6/20/1986,8/6/1981,Hualapai Valley: east of Cerbat Mountains,"Mesquite, saltbush flat","1981-08-06: 1 adults observed, lots of whitewash and eggshell fragments in nest 7-81.  1986-06-20: Nest 18-86 observed, multiple use nest.",NA,NA,General comments,230507.6,3936471.89,NA,NA,Medium,N - Confident full extent of EO is NOT known,NA,NA,NA,Private,NA,2004-01-09 GLR,2004-01-09 SMS,NA,NA
16231,ABXXX99999,141,Fascinating bird,A fascinating bird,NA,NA,NA,1C,NA,G5,S3,220N150W,Mohave,15010007,35113-C8,Kingman Airport,3/3/1986,3/3/1986,3/3/1986,Hualapai Valley: Kingman,"Annual grassland with yucca, cholla, and filaree.",1986-03-03: Nest observed.,NA,NA,General comments,237835.42,3911040.79,NA,NA,Medium,N - Confident full extent of EO is NOT known,Breeding,NA,NA,Private,NA,2004-01-09 GLR,2004-03-08 SMS,NA,NA
16238,ABXXX99999,148,Fascinating bird,A fascinating bird,NA,NA,NA,1C,NA,G5,S3,240N160W,Mohave,15010007,35114-D1,Elements Canyon,7/29/1988,7/29/1988,6/2/1987,Hualapai Valley: Cerbat Mountains,Catclaw wash.,"1987-06-02: Nest active, fledged young july 7. 1988-07-29: 2 nestlings observed.",NA,NA,General comments,224779.58,3929167.88,NA,NA,Medium,N - Confident full extent of EO is NOT known,Breeding,NA,NA,Private,NA,2004-01-09 GLR,2004-03-08 SMS,NA,NA
16240,ABXXX99999,149,Fascinating bird,A fascinating bird,NA,NA,NA,1C,NA,G5,S3,240N150W,Mohave,15010007,35113-D7,Antares,5/13/1994,5/13/1994,5/13/1994,Hualapai Valley: Peacock Mountains,Desert scrub: Creosote and mesquite.,"1994-05-13: Nest 3-94, active.",NA,NA,General comments,241231.53,3924062.56,NA,NA,High,N - Confident full extent of EO is NOT known,Breeding,NA,NA,Private,NA,2004-01-09 GLR,2004-03-08 SMS,NA,NA
20513,ABXXX99999,158,Fascinating bird,A fascinating bird,NA,NA,NA,1C,NA,G5,S3,030N020W,Maricopa,15070102,33112-E4,Waddell,NA,9/28/2012,8/12/2012,West of Phoenix: White Tank Mountains,"2012-09-28: Substrate Lysiloma sp (Desert fern), in out of range Fabaceae (mostly dead due to lack of irrigation water).","2012-09-28: originally 2 nestlings, photos of nest and offspring, see EMF",NA,NA,General comments,367466.42,3714819.1,E,Verified extant (viability not assessed),High,N - Confident full extent of EO is NOT known,breeding/observation,NA,NA,Private,NA,2012-10-31 jkd,2012-10-31 jkd,NA,2012: min= 1: max= 2:precision= Quantitative
12872,ABXXX99999,16,Fascinating bird,A fascinating bird,NA,NA,NA,1C,NA,G5,S3,250N150W,Mohave,15010007,35113-E8,Music Mountains SW,5/5/1993,5/5/1993,6/4/1987,Hualapai Valley: north of Sand Dunes,Catclaw wash.,"1987-06-04: Incubating, fledged 07-26-87.  also active in 1988 and 1989.  1993-05-05: Active nest.",NA,NA,General comments,236544.83,3941910.1,NA,NA,Medium,N - Confident full extent of EO is NOT known,Breeding,NA,NA,Private; BLM Kingman Field Office,NA,2004-01-09 GLR,2000-07-10 SMS,NA,NA
16243,ABXXX99999,150,Fascinating bird,A fascinating bird,NA,NA,NA,1C,NA,G5,S3,170N170W,Mohave,15030103,34114-G1,Yucca SE,6/27/1986,6/27/1986,6/27/1986,Dutch Flat: Sacramento Valley,"Annual grassland, creosote.","1986-06-27: Nest 17-86, active with 2 young.",NA,NA,General comments,223393.54,3860798.76,NA,NA,Medium,N - Confident full extent of EO is NOT known,Breeding,NA,NA,Private; White Margined Penstemon ACEC,NA,2004-01-13 GLR,2004-03-08 SMS,NA,NA
2969,ABXXX99999,40,Fascinating bird,A fascinating bird,NA,NA,NA,1C,NA,G5,S3,180S210E,Cochise,15050202,31110-G2,Land,NA,2000,1999,San Pedro River: San Pedro Valley,NA,"1999: 2 adults, 1 nest, 1 fledgling. 2000: 2 adults, 1 nest, 1 fledgling.",NA,NA,General comments,574260.59,3522570.54,NA,NA,NA,NA,NA,NA,NA,San Pedro Riparian NCA; BLM Tucson Field Office,NA,2002-05-02 GLR,2002-05-08 SMS,NA,NA
6895,ABXXX99999,48,Fascinating bird,A fascinating bird,NA,NA,NA,1C,NA,G5,S3,230S220E,Cochise,15050202,31110-D1,Hereford,NA,2000,1999,San Pedro River: San Raphael Del Valle,NA,"1999: 2 adults, 1 nest (failed). 2000: 2 adults, 1 nest, 3 fledglings.",NA,NA,General comments,583662.21,3479078.99,NA,NA,NA,NA,NA,NA,NA,San Pedro Riparian NCA; BLM Tucson Field Office,NA,2002-05-02 GLR,2002-05-10 SMS,NA,NA
21545,ABXXX99999,159,Fascinating bird,A fascinating bird,NA,NA,NA,1C,NA,G5,S3,220S220E,Cochise,15050202,31110-D2,Nicksville,6/20/2010,6/20/2010,6/20/2010,San Pedro River: W of Mule Mountains,NA,"2010-06-20: Adult appeared to be incubating, laying low on nest.",NA,NA,General comments,582965.44,3485045.85,E,Verified extant (viability not assessed),High,N - Confident full extent of EO is NOT known,Breeding,B,NA,San Pedro Riparian NCA; BLM Tucson Field Office,Hereford,2014-02-12 JRK,2014-02-12 JRK,No,2010: min= 2: max= :precision= Qualitative
2051,ABXXX99999,68,Fascinating bird,A fascinating bird,NA,NA,NA,1C,NA,G5,S3,180S140E,Pima,15050301,31110-G7,Helvetia,NA,1999,1999,Santa Rita Mountains: E of Green Valley,NA,"1999: 2 adults, 1 nest, 1 fledgling.",NA,NA,General comments,512574.12,3520758.93,NA,NA,NA,NA,NA,NA,NA,State Land Department,NA,2002-05-03 GLR,2002-05-10 SMS,NA,NA
3549,ABXXX99999,77,Fascinating bird,A fascinating bird,NA,NA,NA,1C,NA,G5,S3,180S140E,Pima,15050301,31110-G8,Green Valley,NA,2000,1999,Santa Rita Mountains: Santa Cruz Valley,NA,"1999: 2 adults, 1 nest, 2 fledglings. 2000: 2 adults, 1 nest, 1 fledgling.",NA,NA,General comments,508682.58,3522749.84,NA,NA,NA,NA,NA,NA,NA,State Land Department,NA,2002-05-07 GLR,2002-05-10 SMS,NA,NA
4320,ABXXX99999,47,Fascinating bird,A fascinating bird,NA,NA,NA,1C,NA,G5,S3,230S300E,Cochise,15080302,31109-D3,Cinder Hill,NA,2000,1999,Pedegrosa Mountains: San Bernardino Valley,NA,"1999,2000: 2 adults, 1 nest (failed).",NA,NA,General comments,663553.18,3479603.27,NA,NA,NA,NA,NA,NA,NA,State Land Department,NA,2002-05-02 GLR,2002-05-10 SMS,NA,NA
5039,ABXXX99999,78,Fascinating bird,A fascinating bird,NA,NA,NA,1C,NA,G5,S3,180S140E,Pima,15050301,31110-G8,Green Valley,NA,1999,1999,Santa Cruz River: SE of Green Valley,NA,"1999: 2 adults, 1 nest, 1 fledgling.",NA,NA,General comments,509621.91,3520014.65,NA,NA,NA,NA,NA,NA,NA,State Land Department,NA,2002-05-07 GLR,2002-05-10 SMS,NA,NA
6178,ABXXX99999,33,Fascinating bird,A fascinating bird,NA,NA,NA,1C,NA,G5,S3,180S140E,Pima,15050301,31110-G8,Green Valley,NA,1999,1999,Santa Cruz River: SE of Green Valley,NA,"1999: 2 adults, 1 nest, 2 fledglings.",NA,NA,General comments,505771.61,3522414.75,NA,NA,NA,NA,NA,NA,NA,State Land Department,NA,2002-05-02 GLR,2002-05-08 SMS,NA,NA
6215,ABXXX99999,27,Fascinating bird,A fascinating bird,NA,NA,NA,1C,NA,G5,S3,130S220E,Cochise,15050203,32110-C2,Hookers Hot Springs,NA,2000,1999,Winchester Mountains: Allen Flats,NA,"1999,2000: 2 adults, 1 nest (failed).",NA,NA,General comments,581015.74,3573084.15,NA,NA,NA,NA,NA,NA,NA,State Land Department,NA,2002-05-02 GLR,2002-05-08 SMS,NA,NA
6273,ABXXX99999,25,Fascinating bird,A fascinating bird,NA,NA,NA,1C,NA,G5,S3,230S300E,Cochise,15080302,31109-D3,Cinder Hill,NA,2000,1999,Pedregosa Mountains: San Bernardino Valley,NA,"1999: 2 adults, 1 nest, 1 fledge. 2000: 2 adults, 1 nest (failed).",NA,NA,General comments,663764.71,3473278.96,NA,NA,NA,NA,NA,NA,NA,State Land Department,NA,2002-05-01 GLR,2002-05-08 SMS,NA,NA
6406,ABXXX99999,107,Fascinating bird,A fascinating bird,NA,NA,NA,1C,NA,G5,S3,080S290E,Graham,15040006,32109-F3,Whitlock Mountains NE,NA,2000,2000,Whitlock Mountains: Whitlock Valley,NA,"2000: 2 adults, 1 nest (failed).",NA,NA,General comments,654622.39,3621461.68,NA,NA,NA,NA,NA,NA,NA,State Land Department,NA,2002-05-08 GLR,2002-05-10 SMS,NA,NA
6812,ABXXX99999,109,Fascinating bird,A fascinating bird,NA,NA,NA,1C,NA,G5,S3,200S200E,Cochise,15050202,31110-F3,Huachuca City,NA,2000,2000,Huachuca Mountains: San Ignacio Del Babocomari,NA,"2000: 2 adults, 1 nest, 2 fledglings.",NA,NA,General comments,567176.76,3506805.72,NA,NA,NA,NA,NA,NA,NA,State Land Department,NA,2002-05-08 GLR,2002-05-10 SMS,NA,NA
8290,ABXXX99999,92,Fascinating bird,A fascinating bird,NA,NA,NA,1C,NA,G5,S3,160S200E,Cochise,15050202,32110-A3,Galleta Flat East,NA,2000,2000,San Pedro River: San Pedro Valley,NA,"2000: 2 adults, 1 nest (failed).",NA,NA,General comments,565474.53,3544746.68,NA,NA,NA,NA,NA,NA,NA,State Land Department,NA,2002-05-08 GLR,2002-05-10 SMS,NA,NA
9084,ABXXX99999,31,Fascinating bird,A fascinating bird,NA,NA,NA,1C,NA,G5,S3,220S300E,Cochise,15080302,31109-E3,Pedregosa Mountains East,NA,2000,1999,Pedegrosa Mountains: San Bernardino Valley,NA,"1999: 2 adults, 1 nest, 1 fledgling. 2000: 2 adults, 1 nest, 2 fledglings.",NA,NA,General comments,663398.19,3491559.02,NA,NA,NA,NA,NA,NA,NA,State Land Department,NA,2002-05-02 GLR,2002-05-08 SMS,NA,NA
9155,ABXXX99999,12,Fascinating bird,A fascinating bird,NA,NA,NA,1C,NA,G5,S3,040S230E,Graham,15040005,33109-A8,Fort Thomas,NA,1986-08,1986-05,Gila River: vicinity of Fort Thomas,"Honey mesquite scrubland, very open with many shrubs.","1986-05--08: 1 pair, a nest, and 1 fledged young.",NA,NA,General comments,594398.19,3656921.26,NA,NA,NA,NA,NA,NA,NA,State Land Department,NA,2000-06-27 RHB,2000-07-10 SMS,NA,NA
9179,ABXXX99999,38,Fascinating bird,A fascinating bird,NA,NA,NA,1C,NA,G5,S3,090S220E,Graham,15050201,32110-F1,Blue Jay Peak,NA,1999,1999,Pinaleno Mountains: east of Aravaipa Canyon,NA,"1999: 2 adults, 1 nest (failed).",NA,NA,General comments,588755.57,3610304.85,NA,NA,NA,NA,NA,NA,NA,State Land Department,NA,2002-05-02 GLR,2002-05-08 SMS,NA,NA
10166,ABXXX99999,26,Fascinating bird,A fascinating bird,NA,NA,NA,1C,NA,G5,S3,130S210E,Cochise,15050203,32110-C2,Hookers Hot Springs,NA,2000,1999,Winchester Mountains: Allen Flat,NA,"1999,2000: 2 adults, 1 nest (failed).",NA,NA,General comments,579487.74,3571973.67,NA,NA,NA,NA,NA,NA,NA,State Land Department,NA,2002-05-01 GLR,2002-05-08 SMS,NA,NA
11022,ABXXX99999,108,Fascinating bird,A fascinating bird,NA,NA,NA,1C,NA,G5,S3,190S260E,Cochise,15080301,31109-G6,Squaretop Hills West,NA,2000,2000,Swisshelm Mountains: Squaretop Hills,NA,"2000: 2 adults, 1 nest, 2 fledglings.",NA,NA,General comments,628279.77,3514582.79,NA,NA,NA,NA,NA,NA,NA,State Land Department,NA,2002-05-08 GLR,2002-05-10 SMS,NA,NA
11311,ABXXX99999,74,Fascinating bird,A fascinating bird,NA,NA,NA,1C,NA,G5,S3,160S260E,Cochise,15050201,32109-A6,Dos Cabezas SW,NA,2000,1999,Willcox Playa: NW of Pat Hills,NA,"1999: 2 adults, 1 nest, 1 fledgling. 2000: 2 adults, 1 nest, 3 fledglings.",NA,NA,General comments,621466.85,3549713.87,NA,NA,NA,NA,NA,NA,NA,State Land Department,NA,2002-05-07 GLR,2002-05-10 SMS,NA,NA
11364,ABXXX99999,28,Fascinating bird,A fascinating bird,NA,NA,NA,1C,NA,G5,S3,130S220E,Cochise,15050202,32110-C1,Muskhog Mountain,NA,2000,1999,Winchester Mountains: Allen Flat,NA,"1999,2000: 2 adults, 1 nest (failed).",NA,NA,General comments,583297.81,3570934.15,NA,NA,NA,NA,NA,NA,NA,State Land Department,NA,2002-05-02 GLR,2002-05-08 SMS,NA,NA
11961,ABXXX99999,9,Fascinating bird,A fascinating bird,NA,NA,NA,1C,NA,G5,S3,280N040W,Coconino,15010004,35112-G6,Hazen Hole Tank,NA,6/28/1997,6/28/1997,East of Sandstone Wash: about 2 1/4 miles northeast of Farm Dam Tank.,Nest in juniperus osteosperma.,1997-06-28: 3 fairly large fledglings in nest.,NA,NA,General comments,346260.79,3962422.06,NA,NA,NA,NA,NA,NA,NA,State Land Department,NA,2000-06-26 SMS,2000-07-10 SMS,NA,NA
13137,ABXXX99999,60,Fascinating bird,A fascinating bird,NA,NA,NA,1C,NA,G5,S3,150S260E,Cochise,15050201,32109-A6,Dos Cabezas SW,NA,2000,1999,Willcox Playa: NW of Pat Hills,NA,"1999: 2 adults, 1 nest, 1 fledgling. 2000: 2 adults, 1 nest (failed).",NA,NA,General comments,619660.33,3550059.85,NA,NA,NA,NA,NA,NA,NA,State Land Department,NA,2002-05-03 GLR,2002-05-10 SMS,NA,NA
13592,ABXXX99999,65,Fascinating bird,A fascinating bird,NA,NA,NA,1C,NA,G5,S3,230S300E,Cochise,15080302,31109-D3,Cinder Hill,NA,1999,1999,San Bernardino Valley: SE of Pedegrosa Mountains,NA,"1999: 2 adults, 1 nest, 2 fledglings.",NA,NA,General comments,662493.61,3475817.78,NA,NA,NA,NA,NA,NA,NA,State Land Department,NA,2002-05-03 GLR,2002-05-10 SMS,NA,NA
16237,ABXXX99999,147,Fascinating bird,A fascinating bird,NA,NA,NA,1C,NA,G5,S3,230N160W,Mohave,15010007,35113-D8,Long Mountain,6/15/1986,6/15/1986,6/15/1986,Hualapai Valley: Long Mountain,"Annual grassland, catclaw.",1986-06-15: Nest active.,NA,NA,General comments,230906.55,3920921.15,NA,NA,Medium,N - Confident full extent of EO is NOT known,Breeding,NA,NA,State Land Department,NA,2004-01-09 GLR,2004-03-08 SMS,NA,NA
5835,ABXXX99999,1,Fascinating bird,A fascinating bird,NA,NA,NA,1C,NA,G5,S3,240N150W,Mohave,15010007,35113-D8,Long Mountain,NA,7/1/1989,7/1/1989,Hualapai Valley: 2 miles northeast of northern end of Long Mountain.,Scrub desert grassland with braided riparian. Nest is in cholla (opuntia sp).,"1989-07-01: Nest located, 3 young in nest.",NA,"Checkerboard Of BLM, State And Private Ownership.",General comments,237719.65,3928389.95,NA,NA,Medium,N - Confident full extent of EO is NOT known,NA,NA,NA,State Land Department; Private,NA,2004-01-09 GLR,1992-10-20 SSS,NA,NA
16210,ABXXX99999,136,Fascinating bird,A fascinating bird,NA,NA,NA,1C,NA,G5,S3,250N150W,Mohave,15010007,35113-E8,Music Mountains SW,5/27/1986,5/27/1986,4/7/1981,Grand Wash Cliffs: Hualapai Valley,"Ladi, annual grasses.","1981-04-07: 1 individual flying high. 1981-05-28: 1 individual hovering with legs extended. 1981-06-02:  flushed from nest 81, appeared to be incubating.  1981-07-22: Downy feathers still present in nest 3-81.  1984-06-14: 1 bird at nest, 1 downy young.  1985-06-08: 2 downy young present at nest 4-85, found dead 7-7-85.  1986-05-27: Adult incubating, nest 14-86 failed 7-21-86.",NA,NA,General comments,238652.17,3939414.7,NA,NA,Medium,N - Confident full extent of EO is NOT known,Breeding,NA,NA,State Land Department; Private,NA,2004-01-13 GLR,2004-01-09 SMS,NA,NA
16213,ABXXX99999,139,Fascinating bird,A fascinating bird,NA,NA,NA,1C,NA,G5,S3,250N150W,Mohave,15010007,35113-E7,Music Mountains SE,6/21/1989,6/21/1989,8/6/1981,Hualapai Valley: Truxton Wash,"Desert willow and catclaw, annual grassland.","1985-07-07: Recently fledged immature observed.  1986-06-19: Nest 15-86 fledged 1 young approx. 7-10-86.  1986-06-20: Nest 16-86 adults in incubating posture.  1987-05-22: Nest 2-87, pair with 1 young. Two chicks in nest on 7-6-89.  1987-06-12: Nest 7-87 fledged on 7-15-87. Nest 8-87 fledged 2.  1989-06-21: Nest 3-89 adult feeding chick.",NA,NA,General comments,239719.72,3934560.98,NA,NA,High,N - Confident full extent of EO is NOT known,Breeding,NA,NA,State Land Department; Private,NA,2004-01-09 GLR,2004-01-09 SMS,NA,NA
16214,ABXXX99999,140,Fascinating bird,A fascinating bird,NA,NA,NA,1C,NA,G5,S3,210N160W,Mohave,15010007,35113-B8,Rattlesnake Hill,5/5/1982,5/5/1982,5/5/1982,Hualapai Valley: Kingman,Annual grassland.,1982-05-05: 3 adults observed.,NA,NA,General comments,228691.74,3900848.55,NA,NA,Medium,N - Confident full extent of EO is NOT known,Observation,NA,NA,State Land Department; Private,NA,2003-12-16 GLR,2004-01-09 SMS,NA,NA
16232,ABXXX99999,142,Fascinating bird,A fascinating bird,NA,NA,NA,1C,NA,G5,S3,220N150W,Mohave,15010007,35113-C7,Peacock Peak,6/7/1986,6/7/1986,6/7/1986,Hualapai Valley: Peacock Mountains,"Annual grassland, catclaw.","1986-06-07: (sub) adult? incubating at nest 9-86. At nest 10-86, 1 dead young found.",NA,NA,General comments,239380.37,3908990.26,NA,NA,Medium,N - Confident full extent of EO is NOT known,Breeding,NA,NA,State Land Department; Private,NA,2004-01-09 GLR,2004-03-08 SMS,NA,NA
16233,ABXXX99999,143,Fascinating bird,A fascinating bird,NA,NA,NA,1C,NA,G5,S3,220N150W,Mohave,15010007,35113-C8,Kingman Airport,1986,1986,1986,Hualapai Valley: Kingman,Annual grassland.,1986: Nest observed.,NA,NA,General comments,235180.9,3909715.26,NA,NA,Medium,N - Confident full extent of EO is NOT known,Breeding,NA,NA,State Land Department; Private,NA,2004-01-09 GLR,2004-03-08 SMS,NA,NA
16234,ABXXX99999,144,Fascinating bird,A fascinating bird,NA,NA,NA,1C,NA,G5,S3,220N150W,Mohave,15010007,35113-C8,Kingman Airport,6/7/1986,6/7/1986,6/7/1986,Hualapai Valley: Kingman,"Catclaw, desert willow, annual grassland.","1986-06-07: Nest 11-86, adult in incubating posture. Nest 19-86 observed.",NA,NA,General comments,234937.11,3907916.96,NA,NA,Medium,N - Confident full extent of EO is NOT known,Breeding,NA,NA,State Land Department; Private,NA,2004-01-09 GLR,2004-03-08 SMS,NA,NA
16235,ABXXX99999,145,Fascinating bird,A fascinating bird,NA,NA,NA,1C,NA,G5,S3,230N150W,Mohave,15010007,35113-C8,Kingman Airport,6/7/1986,6/7/1986,6/7/1986,Hualapai Valley: Kingman,"Mixed thorn scrub, annual grassland, opuntia.",1986-06-07: Observed prey capture and delivery to nest.,NA,NA,General comments,237105.79,3914285.98,NA,NA,Medium,N - Confident full extent of EO is NOT known,Breeding,NA,NA,State Land Department; Private,NA,2004-01-09 GLR,2004-03-08 SMS,NA,NA
16236,ABXXX99999,146,Fascinating bird,A fascinating bird,NA,NA,NA,1C,NA,G5,S3,230N150W,Mohave,15010007,35113-C7,Peacock Peak,6/7/1986,6/7/1986,6/7/1986,Hualapai Valley: Peacock Mountains,"Mixed thorn scrub, buckhorn, yucca, opuntia.","1986-06-07: Nest 8-86, incubating 1 egg. Nest 6-86, pair fledged 2 or 3 young.",NA,NA,General comments,239513.85,3913820.66,NA,NA,Medium,N - Confident full extent of EO is NOT known,Breeding,NA,NA,State Land Department; Private,NA,2004-01-09 GLR,2004-03-08 SMS,NA,NA
19007,AMXXX99999,28,Magnificent mammal,A magnificent mammal,NA,NA,NA,1C,NA,G5,S3,060N270E,Apache,15060101,33109-H4,Big Lake North,6/9/1999,6/9/1999,6/9/1999,West Fork Black River: Burrow Mountains,NA,1999-06-09: 1 captured and released.,NA,NA,General comments,641095.15,3750854.96,U,Unrankable,High,? - Uncertain whether full extent of EO is known,Observation,NA,NA,Private,NA,2010-01-13 TWS,2010-04-23 SMS,No,NA
1178,AMXXX99999,15,Magnificent mammal,A magnificent mammal,NA,NA,NA,1C,NA,G5,S3,050N290E,Apache,15060101,33109-G2,Alpine,NA,8/29/1980,8/29/1980,White Mountains: Williams Valley,NA,1980-08-29: One specimen collected.,NA,NA,General comments,662925.01,3748066.41,H,Historical,Medium,? - Uncertain whether full extent of EO is known,Collection,NA,NA,USFS Apache-Sitgreaves National Forest; Alpine Ranger District; Boneyard Grazing Allotment,NA,2010-04-30 SMS,1980-09-25 GSM,No,NA
11005,AMXXX99999,8,Magnificent mammal,A magnificent mammal,NA,NA,NA,1C,NA,G5,S3,060N300E,Apache,15020001,33109-H2,Nutrioso,NA,7/30/1980,7/30/1980,White Mountains: Escudilla Mountain,1980-07-30: Spruce-fir with aspen on steep west-facing slope.,"1980-07-30: Three specimens, 2 deposited at UAZ.",NA,NA,General comments,673036.85,3755138.45,H,Historical,Medium,? - Uncertain whether full extent of EO is known,Collection,NA,NA,USFS Apache-Sitgreaves National Forest; Alpine Ranger District; Escudilla Wilderness; South Escudilla Grazing Allotment,Paddy Creek,2010-04-29 SMS,1980-09-24 GSM,No,NA
19087,AMXXX99999,30,Magnificent mammal,A magnificent mammal,NA,NA,NA,1C,NA,G5,S3,040N300E,Greenlee,15060101,33109-F3,Hannagan Meadow,NA,8/29/1952,9/22/1932,White Mountains: Hannagan Meadow,NA,"1932-09-22,24--25: 1 male and 9 females collected; skin of male missing 5/79. 1943-06-20A: 1 specimen collected. 1943-06-20B: 1 female with 4 embryos collected. 1952-08-26,29: 1 female collected each day.",NA,NA,General comments,661001.72,3725795.54,H,Historical,Low,? - Uncertain whether full extent of EO is known,Collection,NA,NA,USFS Apache-Sitgreaves National Forest; Alpine Ranger District; Foote Creek Grazing Allotment,NA,2010-05-04 SMS,2010-05-05 SMS,Yes,1932: min= 10: max= :precision= Quantitative;1943: min= 1: max= :precision= Quantitative;1952: min= 2: max= :precision= Qualitative
4827,AMXXX99999,1,Magnificent mammal,A magnificent mammal,NA,NA,NA,1C,NA,G5,S3,030N290E,Greenlee,15060101,33109-F3,Hannagan Meadow,NA,8/23/1972,9/26/1932,Mogollon Rim: Hannagan Meadow,NA,1932-09-26: 6 females and 3 males collected. 1933-07-09--10: 1 female & 2 males collected. 1952-08-29--09-06: Total of 50 voles collected including 28 males and 22 females. 1964-07-24: 1 female collected. 1972-08-23: 1 female collected.,NA,NA,General comments,654090.49,3722998.93,H,Historical,Low,? - Uncertain whether full extent of EO is known,Collection,NA,NA,USFS Apache-Sitgreaves National Forest; Alpine Ranger District; Hannagan Grazing Allotment,NA,2010-04-29 SMS,1980-06-16 GSM,Yes,1932: min= 9: max= :precision= Quantitative;1933: min= 3: max= :precision= Quantitative;1952: min= 50: max= :precision= Quantitative;1964: min= 1: max= :precision= Quantitative;1972: min= 1: max= :precision= Quantitative
14883,AMXXX99999,14,Magnificent mammal,A magnificent mammal,NA,NA,NA,1C,NA,G5,S3,060N290E,Apache,15020001,33109-H3,Rudd Knoll,NA,8/28/1980,8/28/1980,White Mountains: O D Ridge,1980-08-28: Narrow band of moderately open spruce-fir with aspen.,1980-08-28: One specimen collected.,NA,NA,General comments,657250.91,3754684.34,H,Historical,Medium,? - Uncertain whether full extent of EO is known,Collection,NA,NA,USFS Apache-Sitgreaves National Forest; Alpine Ranger District; Nutrioso Summer Grazing Allotment,NA,2010-04-30 SMS,1980-09-25 GSM,No,NA
3977,AMXXX99999,26,Magnificent mammal,A magnificent mammal,NA,NA,NA,1C,NA,G5,S3,060N310E,Apache,15040004,33109-H1,Escudilla Mountain,NA,1977--,8/19/1953,White Mountains: Escudilla Mountain,NA,1953-08-19: 1 male collected. 1977: Three individuals taken in 1500 trap nights.,NA,NA,General comments,674582.2,3754045.54,H,Historical,Low,? - Uncertain whether full extent of EO is known,Collection/Observation,NA,NA,USFS Apache-Sitgreaves National Forest; Alpine Ranger District; South Escudilla Grazing Allotment,NA,2010-05-04 SMS,1980-02-23 GSM,No,1953: min= 1: max= :precision= Quantitative;1977: min= 1: max= 3:precision= Quantitative
19093,AMXXX99999,31,Magnificent mammal,A magnificent mammal,NA,NA,NA,1C,NA,G5,S3,020S290E,Greenlee,15040004,33109-B3,Mitchell Peak,NA,9/10/1914,9/10/1914,"S end Blue Range: Prieto Plateau, Greenlee County. See General Comments.",NA,"1914-09-10: 1 male collected, total length 131 mm; skin & skull preserved.",NA,NA,General comments,656386.82,3677130.18,H,Historical,Very Low,? - Uncertain whether full extent of EO is known,Collection,NA,NA,USFS Apache-Sitgreaves National Forest; Clifton Ranger District; Granville Grazing Allotment,NA,2010-05-07 SMS,2010-05-07 SMS,No,NA
3968,AMXXX99999,17,Magnificent mammal,A magnificent mammal,NA,NA,NA,1C,NA,G5,S3,090N250E,Apache,15020005,34109-B6,Boundary Butte,NA,8/30/1980,8/30/1980,White Mountains: Wishbone Mtn,1980-08-30: Old-cut moderately dense mixed conifer forest with aspen and robinia on moderate north-facing slope.,"1980-08-30: Two individuals caught, one specimen collected.",NA,NA,General comments,618106.34,3778752.5,H,Historical,Medium,? - Uncertain whether full extent of EO is known,Collection,NA,NA,USFS Apache-Sitgreaves National Forest; Lakeside Ranger District; Lake Mountain Grazing Allotment,NA,2010-04-30 SMS,1980-09-25 GSM,No,NA
19790,AMXXX99999,32,Magnificent mammal,A magnificent mammal,NA,NA,NA,1C,NA,G5,S3,070N280E,Apache,15020001,34109-A3,Eagar,9/5/2011,9/5/2011,9/5/2011,Apache-Sitgreaves NF: Water Canyon,"2011-09-05: Mixed aspen - coniferous woodland, grass understory.",2011-09-05: 1 specimen observed.,NA,NA,General comments,653417.27,3767082.73,E,Verified extant (viability not assessed),Medium,N - Confident full extent of EO is NOT known,Observation,NA,NA,USFS Apache-Sitgreaves National Forest; Springerville Ranger District; BLM Safford Field Office; Cross Bar Grazing Allotment,NA,12/20/2011,12/20/2011,No,2011: min= 1: max= :precision= Quantitative
8047,AMXXX99999,24,Magnificent mammal,A magnificent mammal,NA,NA,NA,1C,NA,G5,S3,080N260E,Apache,15020001,34109-A5,Greens Peak,NA,1977--,6/17/1977,White Mountains: Sherlock Draw,1977: Spruce forest.,1977-06-17: 1 live-trapped and released. 1977: One individual caught in 1500 trap nights.,NA,NA,General comments,632460.79,3772214.58,H,Historical,High,N - Confident full extent of EO is NOT known,Observation,NA,NA,USFS Apache-Sitgreaves National Forest; Springerville Ranger District; Green's Peak Grazing Allotment,NA,2015-03-09 SMS,1981-02-20 GSM,No,1977: min= 1: max= 2:precision= Qualitative
8478,AMXXX99999,22,Magnificent mammal,A magnificent mammal,NA,NA,NA,1C,NA,G5,S3,080N260E,Apache,15020001,34109-A5,Greens Peak,NA,1977--,6/17/1977,White Mountains: Greens Peak,1977-06-17: Spruce-fir association. 1977: Spruce forest.,"1977-06-17,22: 1 male  collected (6/17) and 3 female s collected (6/22), 2 of the females each had five embryos. 1977: 32 individuals taken in 1500 trap nights. ",NA,NA,General comments,631780.39,3774337.6,H,Historical,Low,? - Uncertain whether full extent of EO is known,Collection/Observation,NA,NA,USFS Apache-Sitgreaves National Forest; Springerville Ranger District; Green's Peak Grazing Allotment,NA,2010-05-07 SMS,1981-02-20 GSM,No,NA
5366,AMXXX99999,25,Magnificent mammal,A magnificent mammal,NA,NA,NA,1C,NA,G5,S3,080N260E,Apache,15020002,34109-A5,Greens Peak,NA,1977--,6/22/1977,White Mountains: Greens Peak,1977: Spruce forest.,1977-06-22: 2 s live-trapped and released. 1977: One individual caught in 1500 trap nights.,NA,NA,General comments,631763.03,3776560.32,H,Historical,High,N - Confident full extent of EO is NOT known,Observation,NA,NA,USFS Apache-Sitgreaves National Forest; Springerville Ranger District; Hall Grazing Allotment,NA,2015-03-09 SMS,1981-02-20 GSM,No,1977: min= 1: max= 2:precision= Quantitative
10815,AMXXX99999,18,Magnificent mammal,A magnificent mammal,NA,NA,NA,1C,NA,G5,S3,090N260E,Apache,15020002,34109-B5,Whiting Knoll,NA,8/30/1980,8/30/1980,White Mountains: Saint Peters Dome,1980-08-30: Dense pole-sized spruce-fir with large aspens on moderate NW-facing slope.,"1980-08-30: One specimen collected, juvenile.",NA,NA,General comments,632346.33,3779184.47,H,Historical,Medium,? - Uncertain whether full extent of EO is known,Collection,NA,NA,USFS Apache-Sitgreaves National Forest; Springerville Ranger District; Hall Grazing Allotment,NA,2010-04-30 SMS,1980-09-25 GSM,No,NA
13238,AMXXX99999,16,Magnificent mammal,A magnificent mammal,NA,NA,NA,1C,NA,G5,S3,090N250E,Apache,15020002,34109-B6,Boundary Butte,NA,8/30/1980,8/30/1980,White Mountains: Juan Garcia Mtn,1980-08-30: Old cutover moderately dense mixed conifer near small marsh on interior north facing slope.,"1980-08-30: Four individuals captured, no specimens taken.",NA,NA,General comments,624455.5,3780017.53,H,Historical,Low,? - Uncertain whether full extent of EO is known,Observation,NA,NA,USFS Apache-Sitgreaves National Forest; Springerville Ranger District; Harris Lake Grazing Allotment,NA,2010-04-30 SMS,1980-09-25 SAM,No,NA
8641,AMXXX99999,11,Magnificent mammal,A magnificent mammal,NA,NA,NA,1C,NA,G5,S3,070N290E,Apache,15020001,33109-H3,Rudd Knoll,NA,8/27/1980,8/26/1980,White Mountains: O D Ridge,1980-08-26--27: Moderately dense aspen-mixed conifer forest on gentle north-facing slope.,"1980-0826--27: Six individuals taken (trapped) over 2 days, one specimen collected on the 27th.",NA,NA,General comments,654859.01,3760162.77,H,Historical,Medium,? - Uncertain whether full extent of EO is known,Collection,NA,NA,USFS Apache-Sitgreaves National Forest; Springerville Ranger District; Rudd Creek Grazing Allotment,NA,2010-04-26 SMS,1980-09-24 GSM,No,NA
14575,AMXXX99999,12,Magnificent mammal,A magnificent mammal,NA,NA,NA,1C,NA,G5,S3,070N280E,Apache,15020001,33109-H3,Rudd Knoll,NA,8/28/1980,8/28/1980,White Mountains: Rudd Knoll,1980-08-28: Aspen-mixed conifer forest on moderate north-facing slope with small rock outcrops.,1980-08-28: One specimen collected.,NA,NA,General comments,650915.53,3761591.72,H,Historical,Medium,? - Uncertain whether full extent of EO is known,Collection,NA,NA,USFS Apache-Sitgreaves National Forest; Springerville Ranger District; Rudd Knoll Grazing Allotment,NA,2010-04-30 SMS,1980-09-25 GSM,No,NA
11194,AMXXX99999,23,Magnificent mammal,A magnificent mammal,NA,NA,NA,1C,NA,G5,S3,080N270E,Apache,15020001,34109-A5,Greens Peak,NA,1977--,1977--,White Mountains: Pole Knoll,1977: Aspen forest.,"1977: Two individuals taken in 1500 trap nights, released.",NA,NA,General comments,637318.67,3768507.46,H,Historical,Low,N - Confident full extent of EO is NOT known,Observation,NA,NA,USFS Apache-Sitgreaves National Forest; Springerville Ranger District; Sheep Springs Grazing Allotment,NA,2010-05-06 SMS,1981-02-20 GSM,No,1977: min= 2: max= :precision= Quantitative
19008,AMXXX99999,29,Magnificent mammal,A magnificent mammal,NA,NA,NA,1C,NA,G5,S3,080N260E,Apache,15020001,34109-A5,Greens Peak,9/2/2001,9/2/2001,9/1/2001,"Big Cienega Mountains: SR-73, Sheep Springs.",NA,2001-09-01--02: 2 individuals captured and released.,NA,NA,General comments,632288.69,3769041.88,E,Verified extant (viability not assessed),Medium,? - Uncertain whether full extent of EO is known,Observation,NA,NA,USFS Apache-Sitgreaves National Forest; Springerville Ranger District; Sheep Springs Grazing Allotment,NA,2010-01-13 TWS,2010-04-23 SMS,No,NA
2584,AMXXX99999,13,Magnificent mammal,A magnificent mammal,NA,NA,NA,1C,NA,G5,S3,060N280E,Apache,15060101,33109-H3,Rudd Knoll,NA,8/28/1980,8/28/1980,White Mountains: O D Ridge,1980-08-28: Moderately dense cut-over spruce-fir forest.,"1980-08-28: Two individuals observed, one specimen collected.",NA,NA,General comments,650661.88,3751611.51,H,Historical,Medium,? - Uncertain whether full extent of EO is known,Collection,NA,NA,USFS Apache-Sitgreaves National Forest; Springerville Ranger District; Udall Grazing Allotment,NA,2010-04-30 SMS,1980-09-25 GSM,No,NA
9033,AMXXX99999,6,Magnificent mammal,A magnificent mammal,NA,NA,NA,1C,NA,G5,S3,060N270E,Apache,15020001,33109-H5,Mount Baldy,NA,7/28/1980,7/28/1980,"White Mountains: Lee Valley Reservoir, west end","1980-07-28: Mature spruce-fir forest, one on N-facing slope and one on SE-facing slope.",1980-07-28: 2 specimens collected.,NA,NA,General comments,638153.18,3756794.42,H,Historical,Medium,? - Uncertain whether full extent of EO is known,Collection,NA,NA,USFS Apache-Sitgreaves National Forest; Springerville Ranger District; Voigt Grazing Allotment,NA,2010-04-29 SMS,1980-09-16 GSM,No,NA
12751,AMXXX99999,2,Magnificent mammal,A magnificent mammal,NA,NA,NA,1C,NA,G5,S3,060N270E,Apache,15020001,33109-H4,Big Lake North,NA,7/28/1980,7/27/1915,White Mountains: Phelps Botanical Area,1980-07-28: Fir-Spruce forest on rocky NE-facing hillside.,"1915-07-27--28: one female collected each day; total lengths for each 148 & 156 mm. 1966-10-01--02: Total of 5 s collected, 2 males first day & 1 male and 2 females second day. 1971-10-03: 1 male collected. 1974-05-05: 1 female and 1 male collected. 1980-07-28: 1 specimen collected (2nd Source Feature).",NA,NA,General comments,639956.84,3756164.1,H,Historical,Low,? - Uncertain whether full extent of EO is known,Collection,NA,NA,USFS Apache-Sitgreaves National Forest; Springerville Ranger District; Voigt Grazing Allotment,NA,2010-05-03 SMS,1980-05-16 GSM,Yes,1980: min= 1: max= :precision= Quantitative;1966: min= 5: max= :precision= Quantitative;1971: min= 1: max= :precision= Quantitative;1974: min= 2: max= :precision= Quantitative;1915: min= 2: max= :precision= Quantitative
13750,AMXXX99999,9,Magnificent mammal,A magnificent mammal,NA,NA,NA,1C,NA,G5,S3,070N290E,Apache,15020001,34109-A3,Eagar,NA,8/26/1980,8/26/1980,White Mountains: Milligin Creek,1980-08-26A: Spruce-fir forest on steep rocky north-facing slope. 1980-08-26B: Dense spruce-fir forest on rocky north-facing slope.,"1980-08-26A: 1 specimen collected, although 1980 pers comm states 2 (see General Comments). 1980-08-26B: 1 specimen collected, see General Comments.",NA,NA,General comments,656425.16,3766112.86,H,Historical,Medium,? - Uncertain whether full extent of EO is known,Collection,NA,NA,USFS Apache-Sitgreaves National Forest; Springerville Ranger District; Water Canyon Grazing Allotment,NA,2010-04-30 SMS,1980-09-24 GSM,No,NA
